pid,tourist,local,pop
ebc2f35e-4546-5e64-beb5-914fb972df04,0,2,0
fa66e8b9-8717-506c-9d6d-a82480805adf,0,4,0
a9049126-80a3-5391-b33f-b6e21a29a769,0,2,0
b0f08f89-5f63-5efa-b518-84cd72fbafb2,0,2,0
f63688df-d4b7-55af-88c2-3548cff425aa,0,14,0
9e3bad1e-51b1-5b7e-a7fc-8150f5457074,0,2,0
5bdd7ab5-ed61-518f-b5db-6acf55f6d61b,0,2,0
6b94c5eb-fb95-57ae-a58c-50c12e612ed9,0,14,0
fd22e412-7493-5741-aef4-e65cfb1cc1ea,0,8,0
8d4b72c9-6826-5dde-ba01-62e3e7489257,0,10,0
f0f812ce-1265-5f4b-9c82-e4ca39884df7,0,2,0
0cdfae36-370d-5f1f-b160-454e8ae48c2f,0,12,0
e3f36527-f978-5faf-8b32-3c50c0f83c32,0,2,0
fc0fa201-9409-5294-a7c1-db6a22210648,0,14,0
671d6e0c-de70-5197-8da5-418b1b10d88f,0,2,0
76eb1f03-4c6a-52ed-998f-b86d8e0090f2,0,2,0
0ba7cf18-5816-5120-8d42-209d6e66174a,0,4,0
feb7e641-3f16-537d-b8e1-a3f4fa49e903,0,6,0
03f172da-0d5c-5062-be9a-e4516a8f49bd,0,28,0
8be4febd-a7e0-52a5-8992-2a5cbab61d90,0,76,0
bb56971a-9896-5b91-b636-1b3816f4b60a,0,42,0
ca5e36ec-f805-5de8-8d68-e20c2dc9ad50,0,3,0
f39c3dfc-c1ae-56ea-a9ee-b80c4c3fbe0c,0,14,0
3f834165-e892-556c-ae06-228639e164d6,0,2,0
ff363a44-5574-57f5-9d4a-158939f40d4a,0,2,0
8e1806c2-23c0-5677-bd83-9832fbdf0381,0,4,0
2c829fec-262a-51dd-97e9-a16db9965e03,0,9,0
6cf8ff43-7514-5361-9d69-e45345be00f6,0,4,0
c2dc7d46-d914-506b-b082-ffb50d8fee57,0,2,0
ec7fb7fd-322e-5b58-8260-8616e77ad79a,0,14,0
37a43bf0-3c48-57e4-a4b4-8ca6a3fdb522,0,4,0
e5c4a31c-faaa-5b74-94ff-929bdd7fbcd4,0,2,0
92149183-3e62-5bb6-aa3d-ea6f416bdc83,0,4,0
643619a7-18d0-509a-aa6a-8d8f5fa79473,0,2,0
3d5cc360-17f6-5d57-a22a-ba94cadec43d,0,12,0
8d1005d3-8f37-5b62-a985-aa2a0cac9010,0,2,0
1e9c8943-5245-5005-9d73-cec75c3091ad,0,3,0
68eacc14-bf0b-5a2e-9de6-56b04dbcf0e4,0,2,0
2159d88e-f007-56f6-a9da-5129f7668c99,0,2,0
4d0b2621-5756-5e26-83bb-d7749f4aea68,0,11,0
165b6636-d1ac-5878-b381-a86ad6b496de,0,2,0
d09b82f0-b5e5-577a-bb41-a88fc42e26c9,0,4,0
5150fb0b-307d-5079-8657-48c708273b2b,0,21,0
67b323f0-57ef-58c2-9433-b6b6f020060f,0,2,0
3dd59b0b-7ff5-57dc-960b-3cc5cb2335a8,0,2,0
c24301b7-825e-5f8f-9aea-5795a697eb6f,0,2,0
db66feba-d732-55a5-b74d-95997d32565b,0,6,0
8b0145fd-8aa4-5cd2-aac8-3c09f2878d9d,0,8,0
7bf1556c-151a-5a25-a837-705837748541,0,2,0
a647e871-249d-5122-8adf-b064180d0fc2,0,4,0
99a25dee-9940-538c-85ca-b82b8ee4530d,0,4,0
f3dd2898-9651-5cf0-8d84-ecd18eb428bc,0,2,0
9fbf3004-21d8-5f6e-b71c-8ebdf99d652e,0,2,0
c0731f3a-ba8e-58f5-a498-b503d376ca59,0,2,0
2d05d046-8119-5f9c-ae6d-bc1f8b5b347a,0,2,0
81b72a89-4497-5bee-b62f-7f481111a6bd,0,2,0
433dbbd4-c302-5852-80cb-aa9f3c0b756b,0,12,0
25af3732-b954-56ac-8398-d87a8e76899c,0,2,0
a07a16b0-161c-5234-9c8c-d08ef18c8c06,0,2,0
a12fab8f-65d5-5c33-9c1d-d1b93c2f6e0e,0,2,0
2fcf0af8-261f-5612-b814-b127877c6719,0,10,0
ad258efb-cade-546b-a018-7597d3f927e7,0,5,0
5b0bdcda-0c0e-5baf-a3a9-5e1d1e0cddaf,0,5,0
f16274f6-a97c-575b-8ba9-11032996cc7f,0,2,0
74a39766-edb0-5e83-a270-f34dfde1ba23,0,6,0
a87a3bb7-53a1-5275-bc77-5d7165c03778,0,4,0
c4e0596c-58d9-56fe-adc2-8a9fc127fd42,0,10,0
98585287-48ef-5a11-931f-a638dd30aa7a,1,1,0.033
9206b089-550a-5af3-8165-d98dfcab53ac,1,1,0.034
59c12071-a82e-56f0-b06a-1904e4f2bbee,1,1,0.034
7e79dbde-0fac-5492-8de3-9e3004bc88da,1,17,0.035
265602ae-cf49-51a0-ae83-63a0362dca35,1,4,0.035
3b5920e2-1077-5d18-be6b-70a91e98b263,1,5,0.036
992b889c-11d2-5e0e-8e50-94eb2495c43c,1,48,0.036
da2f4536-6a1c-509c-a2ea-a393ef5123eb,1,3,0.037
ccd382fa-bfa1-51c9-9956-8f665d3935a9,1,22,0.037
8eb548cf-f9a8-51ed-a013-08acb07f0bb2,1,5,0.038
c090d5d1-346b-5abf-9dfa-29c32b45b9ca,1,27,0.038
9a0281b7-d237-566b-8a53-d0144ee58929,1,9,0.039
cf4b8351-7862-5806-b49b-55863a68fcdf,1,1,0.039
6650d450-165b-5b26-b35b-987f1e5a717c,1,8,0.04
edf41379-7ece-5d2e-b0b3-6cb6aac9ec15,1,19,0.04
4c1618b3-1a75-56aa-a38f-735833dfdbc4,1,1,0.04
4360b3b4-4a1a-503d-9adc-654b8a4c80a1,1,13,0.041
7880cf0d-e807-54a7-b570-6d99f6246254,1,1,0.041
279e9697-5de9-5620-8020-c70abe72aea3,1,23,0.042
9d4e5739-f804-52ed-a4d8-36c31c84e82d,1,70,0.042
4a6be9b1-6a5f-5b2b-97c1-ee8e16e6bc61,1,1,0.043
881c14a4-c3a7-5123-a825-f27ca8b0dbdf,1,1,0.043
531da862-e9a3-53f3-a805-1c5e6ef1a59b,1,6,0.044
f488f170-319d-55a4-9115-a8cf0d9d56ff,1,1,0.044
9d465371-9a77-5367-9d50-98997e66ae0a,1,3,0.045
057b793a-5d86-5913-afc7-d40bce278b64,1,5,0.045
530b2b3b-dde5-51a8-8f69-c2da165cab15,1,3,0.046
f98a6238-a0b6-5d45-bc20-78b1373386b9,1,1,0.046
4a85d44e-3253-51ab-9828-300c9648ab0c,1,1,0.047
3e480966-fdce-5dd3-a860-b7890b006ae5,1,1,0.047
97f8d5f5-a3cc-5b36-ac57-4c620c3901b1,1,1,0.048
8af9c080-8a37-5e70-b78a-352ef8f98e17,1,77,0.048
a2342b72-5215-5ee5-bc0e-dcdfc95d94da,1,1,0.049
fc70b656-4306-54df-9955-24811eb5a013,1,1,0.049
1dd7a560-279e-529a-b181-9a63abcfb501,2,2,0.05
f99205a4-dfed-59b2-8950-b54bed0c8f7c,2,2,0.05
02065fae-5985-5654-999b-f4e6b50927c2,2,11,0.051
32fc3900-eef5-5e62-9182-35a70777fac4,2,4,0.051
46788945-9dbe-58c7-9c8c-44d070fd83f2,2,0,0.052
2474dc19-55af-5cf9-bbe2-3cd3189e02b6,2,42,0.052
ffd59c1c-d498-5fa2-80d7-a136201cfd26,2,40,0.053
7a7b253d-7640-5295-8dde-c5d920b3a7c2,2,0,0.053
ac251eb4-b6ce-5d89-bfa2-dd516facc6d2,2,29,0.054
5c86edc9-9957-52a7-830d-ade97750c3ce,2,0,0.054
3b80fe8b-724c-5af0-9162-3c8c2b9d9eeb,2,2,0.055
f05641b1-c70e-543e-b181-b3daa4ee0b44,2,0,0.055
b894f086-9750-59c0-9649-66eb4cb8076b,2,2,0.056
2f2a17f2-081c-5f2c-a76f-4b815440b150,2,1,0.056
a9cc7833-1e62-5fb2-a8e0-b1019d1f537a,2,4,0.057
1b235d05-0eb6-54ba-bc9d-ad7e0f86c2d8,2,5,0.057
6b35c475-3546-59c5-a91c-4b8209fcd37a,2,0,0.058
61442851-7450-5abf-8afe-950060cd9245,2,7,0.058
f9ffc83e-5474-574d-8b0d-303c16d2ebea,2,2,0.059
5e51aa00-c2f7-5d75-bea9-4bc6d95a3d31,2,0,0.059
80b46b92-b81d-5898-98fc-ecefab3bc70a,2,2,0.06
f5208fcf-74ae-5f0b-869e-e92f4084f6e9,2,14,0.06
64499578-58d3-582c-992c-3c5169735283,2,2,0.06
a3a29acb-dab8-578c-a479-04dd2c1fc3dc,2,2,0.061
0e14a87f-4f8e-5836-8eec-a66af5556d4d,2,8,0.061
e9e25319-552b-5899-8964-34a726fb6181,2,0,0.062
35c83b9d-b899-5224-a6dc-9025bb050e3b,2,3,0.062
5fb971bf-c229-59f7-951f-5897dcc17ff7,2,2,0.063
2a3e1ed6-4be6-5bf3-82d6-5d8f8f7bd9f7,2,2,0.063
39bd473e-c2a1-57ba-9f41-8b463f2e6c84,2,4,0.064
e861ff37-0402-5588-8da1-294f53bd0f25,2,0,0.064
627e9f5e-409a-577b-b71e-9acf5261a04e,2,0,0.065
e4e0fde2-bad9-536a-a9a7-e1ee127f3bc1,2,6,0.065
538161b2-18a6-58e0-a1ba-0b1eb92f6793,2,0,0.066
bd1db2dc-24bd-5faf-8ca7-435c8921e136,2,12,0.066
5ed77fec-f9f9-5f48-ad0d-9135e7205fe6,2,0,0.067
3664f9a3-3ced-53ce-86a3-f52b97ab9cd5,2,2,0.067
1ea44983-e93d-50d0-9da3-f58cd6bf0aac,2,3,0.068
f0745ca9-b215-553f-a139-d5140108b471,2,8,0.068
edd167fb-95a3-5532-a8e9-c02536d9d3d8,2,0,0.069
37eaa04f-b71a-560b-b971-5e2b67eeeb3e,2,4,0.069
f8f5c7c9-b7f6-5040-a94f-b0ec8aa0b156,3,0,0.07
dfaa0278-994a-54f3-927e-6a498ac150b4,3,1,0.07
73c2c42a-5f34-5189-894b-6bbfa828a48d,3,0,0.071
c7ded997-31f2-5d62-bd5d-04de53020edb,3,13,0.071
49a228d4-1cac-5117-8697-792d9a7f0e68,3,7,0.072
46d74454-bea1-5081-b7c5-28d101893083,3,4,0.072
37e9396a-f80a-5566-9d89-8f016ccdbb2f,3,29,0.073
53640ac6-3caf-5324-817f-6d03dba3363c,3,12,0.073
170877fd-e865-5c1a-ba7f-4e8a3aa879cc,3,1,0.074
665001be-bc46-5839-928d-5f27ade5b4e9,3,3,0.074
b4f5ce5f-6a58-530e-80d0-40fdeae438d0,3,3,0.075
aeb2d453-ebd1-589e-b962-32e6a962c4b6,3,1,0.075
53203190-6876-53aa-803b-72858989914d,3,3,0.076
b47fd3e9-d24a-5173-8dfc-c29b58930f5c,3,17,0.076
aca373a9-dc90-5812-81a1-fd447c39fc6b,3,5,0.077
069b5750-89a1-5fce-807c-0e89c30f174f,3,5,0.077
9fa3e9b1-6c0b-5490-b736-89f790e07a6d,3,52,0.078
2c72cfa0-5642-549e-9de5-1995471b4888,3,19,0.078
53e37ab6-e460-5916-81ec-41da19b14491,3,1,0.079
3abf5381-2919-5045-b3c0-4df5cabb4162,3,24,0.079
355717e6-41d1-5fa8-8cc5-27d3d6cfc68e,3,15,0.08
503ed9e8-b32f-57a5-8db4-946e65dfa639,3,16,0.08
1b6f0a61-b82e-5627-beeb-d0e4a1358b36,3,38,0.08
4f465cf9-b1b8-5a90-af92-2f04fd375b45,3,9,0.081
a0af4564-9f9b-554b-bf46-e124652b3bc6,3,11,0.081
8825a93d-fd08-5979-9c70-5615f5c000ee,3,40,0.082
e5ec0869-73e0-59b2-99d3-9406df72619b,3,1,0.082
711fcaff-03bd-57e0-b257-5bc6304f2cea,3,1,0.083
bcf1b585-e4ef-5b3a-af68-4b197914fc80,3,0,0.083
335b31eb-49d4-54ab-9965-17f2a90933d8,4,6,0.084
72d55ca7-b253-525f-9ec2-a31ae762c162,4,0,0.084
c9d741cf-1aac-5d60-8a3f-4f612b2ccff3,4,18,0.085
e8761de8-4ffc-5635-9507-9d84b2c79fdb,4,48,0.085
a6a07fdf-a688-5587-87d0-787e63c40a51,4,18,0.086
e51b8c45-bf9c-5c8b-8e9e-ff3121f1d491,4,1,0.086
aed4e74b-f4ab-566a-acbf-0128b8b60703,4,7,0.087
7f0ebc5e-0d0f-5649-ac23-dfa843df95e2,4,17,0.087
0478cfd8-5d57-50db-a0c6-f49e23897cdb,4,6,0.088
8007a920-94f4-5199-8c18-aa15508d5863,4,11,0.088
1effc286-6fd9-583b-9c0c-94effdd4fddf,4,0,0.089
5ffd248d-0d35-53bc-ae54-afe6dee4ed54,4,10,0.089
2b1e7575-caac-5632-bcd5-40eb523156aa,4,35,0.09
3f0fa0fa-56dc-50bb-8a7f-5b3718cc3173,4,27,0.09
c32f95c7-a4b1-5fda-b300-2da656d2428d,4,167,0.091
1b983103-d5d7-5488-9b6e-d8ed5a93ea0f,4,7,0.091
2283a444-8c96-5d2f-b1b9-7ccb9b273fe1,4,40,0.092
38276936-0136-5494-9fc8-56d3a8257747,4,2,0.092
325505d4-0fca-56fa-a16f-dcb6c112903e,4,3,0.093
61ad78c7-04e0-5135-8436-4728a323b732,4,0,0.093
8e7ed167-c6f5-5cdb-9091-ae12452c0cf5,4,65,0.094
2aa81846-3cbb-57b4-bd22-d74d14bdb231,4,61,0.094
b5a522f9-d47a-5e75-8b08-23a522c70edf,4,16,0.095
0b1eb19f-e6d3-5ab5-b6de-2f15ffb642db,4,11,0.095
80bf885f-86f3-5b0c-a4c5-92ca3ed5f760,4,0,0.096
5f2a3975-eec8-55b7-b851-88ebcd9955bf,4,3,0.096
e0cc1737-c941-5981-95a9-21466b8648cc,4,4,0.097
46ea81af-8356-5068-a765-d10d8b4d2e26,5,0,0.097
c0552311-285b-57a0-8881-7ea6a63aa66f,5,3,0.098
1e11b2ef-2618-5c86-a08e-0431f12bd65a,5,9,0.098
97d3640e-aaac-5cbe-8455-23928443f7f7,5,15,0.099
6287ad4f-1206-518c-b4fb-a328d8542251,5,22,0.099
c642f280-3d7e-519c-bcfb-4b79bcd4addb,5,8,0.1
82ba7101-c576-5575-96b0-efce67662f58,5,3,0.1
71dca217-1ec8-59ca-8b9d-cdac6f8d8f9a,5,0,0.1
1c99c76d-f731-500d-b280-3b8d83f95cb7,5,3,0.101
5dc8952b-959b-52c0-80c7-de0f0e25fb07,5,0,0.101
bd3f0c7c-948b-5273-91cf-4f8e9d178b32,5,5,0.102
db5a2280-0a7a-5a55-901b-1d4a363ecd2d,5,4,0.102
09b21a22-ba03-585d-a200-f190a5f0cad1,5,17,0.103
1465340b-7893-5a5d-822e-307c6b38c6ed,5,19,0.103
2077e08f-f741-56c5-a864-407551213c3a,5,3,0.104
4af87390-ab0b-543a-80a5-1334d2a197fd,5,18,0.104
9ebb7c68-ac75-535f-ac0f-9acee85c7362,5,54,0.105
f690c0ad-f152-5ecb-b73c-c3c7d259159a,5,6,0.105
1b15096b-09c6-5187-a852-0184f4be1fa3,5,26,0.106
d2849996-9a18-5690-b12d-c8553301cbc5,5,6,0.106
d4da95af-6af2-54f6-8d76-188e516b1c5f,5,8,0.107
795b78d1-696c-5057-96da-b0b102137a5c,5,1,0.107
bec94829-1e7f-5263-b82f-0c947b935a55,5,4,0.108
a9f0dafd-7641-56fd-8bb2-b7441d590bca,5,7,0.108
2b17aafa-59f8-5b2f-af5c-95ee5c9e23ab,5,31,0.109
a9a3cdf5-d035-5a06-93ec-87240bcda5f7,5,11,0.109
9e9c4438-76bd-5dda-8772-6bfc1f12b666,5,37,0.11
35dee8d1-a0df-56ad-867d-65511984e50a,5,15,0.11
6d22477d-9b98-5e0f-ae3a-772b7aab9f4b,5,1,0.111
0e1dc192-e0ac-569d-bf3d-4673748d20c7,5,1,0.111
6743e62f-4ec3-5e9f-a70f-12026252e0ef,5,1,0.112
63d6b52a-89cc-5df5-8686-7bbbd04fa276,6,1,0.112
4fed6ea4-366c-54bd-ae81-b22c36210c78,6,10,0.113
14bf3efb-ccc6-5d46-9ba1-475a442aec33,6,5,0.113
63fc3f9f-fd56-5ab1-91dc-b6a0555cdc9b,6,9,0.114
2350302d-3a93-5318-9470-fc01e9bca57a,6,0,0.114
d217d568-eb8d-57f3-a57e-802c0b566e27,6,7,0.115
cce21e51-5052-59ea-9831-7ed71398f170,6,5,0.115
3d72e258-9ea9-5678-96e0-ba6de1ddea7b,6,0,0.116
ae1ec6fb-f721-5b01-8ac6-f88391645146,6,22,0.116
a7fe6a73-449b-5538-86d2-4aa10d3641a5,6,6,0.117
fd5c90bd-b66a-55ca-b7a6-677d62827c7f,6,36,0.117
52e2f5d9-13f2-589f-82a8-7bb44c2eacce,6,7,0.118
35676cbd-b3e0-59c4-a203-73b12e9e479c,6,24,0.118
1cea89e8-6e0d-5c2f-bbe6-4921b48b7373,6,8,0.119
ea27721e-7c96-532e-bc75-1b97cccb128b,6,15,0.119
3c06960a-5d85-5401-bb75-05511bcfeeb9,6,6,0.12
f15aa119-e44d-5418-94c8-9421b0a725f2,6,3,0.12
c32ee89d-725e-5179-8512-06e1b438569e,6,1,0.12
4754356c-c096-5d52-9356-df54a5b36107,6,35,0.121
427881d9-0f79-5c74-8bab-e0722912cb89,6,35,0.121
a937a97a-1b0a-5d17-9b7f-4d821b511bbc,6,59,0.122
d502ea1d-d8a7-5934-8173-a49ae1b6b158,6,4,0.122
661dd441-34b4-56ce-bb3f-e39e2465e698,7,16,0.123
7276443f-cb41-5146-82c2-438366d74a9a,7,20,0.123
bc3b1426-cab3-57ca-8587-a70a8565c36e,7,87,0.124
d13ea50c-dc34-572b-85e0-8aebfa26715d,7,96,0.124
e162844a-1110-51c3-bc2e-47c3d1e5ff47,7,8,0.125
f5b1172c-0a97-5a7b-8ae6-bbb5edadf338,7,31,0.125
3eca0597-0b33-55d4-add2-625de3a3120c,7,8,0.126
57259a87-1657-5105-981b-b78dda7b62f0,7,88,0.126
fe730598-7ff4-5d2c-bdbc-53982e2f6af2,7,94,0.127
a09a8614-62aa-5052-aeb7-3f82bef6126f,7,45,0.127
5375bcf9-eb82-596d-8f86-22f9bd7a2931,7,19,0.128
2c514c88-9eb5-5e23-bc5c-c30b130c940e,7,14,0.128
42564e32-ca3e-5b85-bb82-e0b35923f421,7,3,0.129
6243cde7-f8a7-51d0-ab62-4c91a21f5bca,8,6,0.129
6339a0d6-20cd-51ba-acf2-0ee43b282044,8,6,0.13
90174e13-6063-5634-a89b-6cec58bd8e3a,8,15,0.13
1da0a9f1-2347-589d-8e8f-1e1ecc260fdc,8,1,0.131
2b3e3c18-a32f-591e-a9ee-099f3ee3ca3c,8,16,0.131
b0f6dcd4-950e-501b-ad7c-fac6d3595867,8,6,0.132
049110a1-44ed-5022-99ad-9a5304745a37,8,56,0.132
4b44d173-0849-5764-a47f-ce14a654bb1f,8,72,0.133
1ffc5b5f-9432-54ea-8cda-ba67e193218d,8,6,0.133
b9cf2b2a-4783-5a54-a71b-467f1823fe67,8,139,0.134
ba73c070-87d7-5188-99bf-a6cbefbed9f1,8,62,0.134
2591aea9-ee60-5974-9954-a7d210b0e8a8,8,61,0.135
49dfbe3a-e537-5e86-9434-583a758b920e,8,22,0.135
ad14e6ec-95f6-51f9-8e30-63cded06ff8a,9,12,0.136
1aa7df96-7611-5834-81ae-e07e8a1cd5b5,9,1,0.136
37a87292-1743-5a04-b4c3-11ec6599bce3,9,41,0.137
a53d944a-0fe3-5eec-962a-f09ea91f66fc,9,1,0.137
5b2f5cf7-028e-5a67-9d3d-c040872a6379,9,3,0.138
772dfc8e-39a6-5422-af7c-7e8de4285ece,9,22,0.138
88da75fa-a7d3-580d-947a-aeaa377609a8,9,87,0.139
e36413b8-6db7-55e1-922a-709e3cd9db35,9,12,0.139
705dc29f-d092-5b6b-8b8d-5d6cdd635463,9,8,0.14
db007776-ae6b-51a9-9848-31eac989ef53,9,9,0.14
ff3f481c-c0e5-5dbe-acce-d456a3ed49ba,9,9,0.14
1f5df4a7-bf65-5468-b40f-def99127b15a,9,37,0.141
d58fa6bd-2409-5283-ae61-f76055786c48,9,4,0.141
4568752a-caad-54ed-b2c0-d12cbcf4e33b,9,10,0.142
1f6f19f0-eaaf-54e6-a47e-8638e9a29fa1,9,26,0.142
24a5558e-3bae-5929-8623-0dd428166b5c,9,41,0.143
ca06b695-f411-5bb4-9036-9862b4844c5a,9,2,0.143
9038856b-6566-5b2f-861f-4ced49aa3af9,9,11,0.144
a7391593-a801-59ee-b6f3-7516f5ad6164,9,73,0.144
349bcdbc-ec9c-5862-916b-e86a40ee3cab,9,27,0.145
b0372a3a-767d-56ff-af4e-2c96b669966c,9,10,0.145
5dc92b9a-0761-5070-9940-c6a0a1ea28e9,9,7,0.146
651d8335-c14c-5277-a88c-6980d7a80e49,10,3,0.146
ee1d6d81-3cac-5e7c-b02e-8d63c9143717,10,6,0.147
757cb9fa-a3a4-526a-8529-3da57ef768c8,10,26,0.147
cb491582-9dfc-5173-84ca-de0af71abcd3,10,16,0.148
8df6e883-31d3-58ad-b2fb-2746e46d3073,10,18,0.148
40fa4764-486b-5448-ab93-6e44aa3516e3,10,8,0.149
dcee3d86-a652-53e8-9508-ae98fd40e740,10,3,0.149
0aa70ac0-95d7-5945-9520-795daf455d7c,10,4,0.15
5ce0e9e3-8c0a-5c77-98a1-eac2e6a97a34,10,1,0.15
ed180418-51f3-51ab-9cac-af90cebd2b89,10,1,0.151
689beb77-cd08-58aa-ae48-c4b0be20b608,10,12,0.151
50e76536-d9fd-523f-9c7b-dc149209ed07,10,3,0.152
880b056e-d59d-509a-93c5-8d2bdb49409d,10,18,0.152
c1f8b76d-9411-501a-9666-1cceac77fc7e,10,39,0.153
a67ced5c-cf83-514c-875d-463e9b0a16dd,10,5,0.153
43c6a4a1-2912-5527-87a0-643988bb4a84,10,20,0.154
041899e8-f921-5f8b-ae25-87814b224df4,10,2,0.154
e37d7c47-1556-512b-85f7-a6494bf56202,10,6,0.155
41f7ef2f-fca4-54ca-924e-61e39d802075,10,6,0.155
676f796b-e6ea-50a4-babb-4bbc806f557a,10,193,0.156
7f9e2810-ccc3-5b6b-bda0-67746ebbe559,10,31,0.156
4b7909b7-be19-5984-b096-69622f3c6be2,10,23,0.157
140d0a4f-e635-510b-9a78-fda110d2a538,10,34,0.157
0fd25e9a-03c9-5e4a-baba-7cb20f68faa5,10,0,0.158
716b3f33-11fc-5255-888f-1be77075679d,10,19,0.158
2ef9620a-62de-5fc2-b1e0-47156b23b59a,10,19,0.159
0e5c5d1e-ec58-5678-8952-aef2fd7d46a0,10,11,0.159
296204be-7732-593a-902c-518a46f132cd,10,7,0.16
40054103-6144-5577-98a8-423c3e03e873,11,11,0.16
e9aba5da-e0f4-512c-8e45-301ac57aa0d4,11,101,0.16
596b3cd4-d392-5247-a2a3-90baa11121db,11,11,0.161
f0b9c097-9947-5345-9bd5-326f3b7a3c89,11,62,0.161
5e017729-118c-55fa-948c-d74147db09ed,11,74,0.162
ed4f1df2-3b0a-59ad-beb0-4cf012907188,11,41,0.162
1cf6592b-6edd-5ebd-bc4d-cc542ef37a02,11,33,0.163
144f6847-7a6d-5aef-b24e-173ad4ad98aa,11,15,0.163
afca3ff9-f622-50bc-8822-9c352af9fc52,11,15,0.164
5183758c-cbde-5c97-a0af-d0f5b1ea2100,11,37,0.164
03429d2e-8360-58fd-9575-cf640682c0e0,11,4,0.165
927a24c0-ce0a-54a9-b602-1f1a18afc00f,11,88,0.165
fc72ea76-d611-599c-a54a-9f4d6edf724c,11,4,0.166
1bfebce8-f3ee-5e66-8443-ea04e0e9c697,12,3,0.166
e9055676-477d-5d54-9dbf-9f151995d0ed,12,4,0.167
9c0d3986-de55-5e4b-8d04-7545d5fc7430,12,15,0.167
5f456462-4596-5196-a9d6-b576e1a36413,12,1,0.168
df1fb93f-1c71-5e31-8419-dcc585fcf82e,12,32,0.168
0aadc0b3-a29c-5ab7-bafc-c141e8d48ed7,12,170,0.169
db0942d1-242b-5592-ad3b-b000ee3e261e,12,10,0.169
8a4aa235-f217-5fa4-9109-0059cd667e6c,12,21,0.17
ffc896d4-fd00-5bda-b0e4-14d85766fb07,12,239,0.17
46c29f9a-9118-50f9-b0de-bd654b4c280d,12,7,0.171
01cd01ad-624c-525a-bd8e-ee60aec1ae98,13,15,0.171
45201ee6-cd48-56bb-83a8-7dc8619dac2f,13,21,0.172
02e6d750-097f-5fbb-886e-16a61440415e,13,38,0.172
b87b11dd-e7e2-5274-be33-c87fde960389,13,25,0.173
459f8994-5f09-5298-9004-90db1234168a,13,7,0.173
f5d4c93e-7bc2-5284-b288-a2a4d7494709,13,29,0.174
71be960d-3b36-51d9-8d33-b3f8d200d128,13,161,0.174
7f10ba44-3a8d-573e-a1b0-bc9a5e497e77,13,38,0.175
a945de43-7d98-533e-992c-a14b69116725,13,3,0.175
848cd98b-0c7b-598b-b07a-862f6988a138,13,16,0.176
02a78c85-67e9-517a-a714-fd9e1c2d7227,13,27,0.176
0b4317ee-2c26-57f6-9c0e-c785f03f5a36,13,3,0.177
113e5b8e-1db0-5ae9-8a8e-32a0fe27f2ad,13,4,0.177
b1b72b03-d368-5a75-9159-e749346a684c,13,84,0.178
df13b5bb-4d56-5496-b1b7-3c86ca392fd4,14,47,0.178
31e9b7ba-f84a-50fe-8e8a-e7ae23fedfda,14,18,0.179
0553ba80-d63c-5774-810e-1fb21088b322,14,52,0.179
887cf715-fd5e-5629-9e0c-5ded6f367b14,14,20,0.18
599a1296-68ad-54c5-b8b9-9749d0f98abe,14,31,0.18
36040a9a-fab2-5dde-92c8-3e2499ae4ced,14,160,0.18
49a03176-930b-5d1a-8faa-359c87da17ec,14,15,0.181
be9e5ec3-033e-56c2-8ec6-f697240f88c7,14,11,0.181
060e127f-729b-5e83-8e40-7c06e0ade3b1,14,22,0.182
bbe4bfb9-9f24-5718-ae5c-47bf849f35fd,14,118,0.182
2d23f75d-ada8-50ad-bb1d-3a3fb4d7f32e,14,103,0.183
2d31f050-afda-5bd0-9f81-8f579ea0ba68,14,27,0.183
e4f5d58c-51d9-5929-a31e-cb83cae26429,14,14,0.184
2af019b3-ded2-5c29-a816-61c0da2b015d,14,2,0.184
6bf7b28b-7331-5da5-be2a-74cecd1a118f,15,35,0.185
a701ad15-388a-524e-b045-d93d1bd20952,15,18,0.185
a01ea3fb-42f0-59ae-88ff-6fe1bd4d9448,15,6,0.186
fc6e839d-3f0d-5293-8812-f2691af73273,15,10,0.186
7ba6caae-164e-5ac2-a592-a03eb007644b,15,38,0.187
a3ea026a-93a8-5d43-9ec1-741e8ce315f4,15,33,0.187
c4f711a8-3e45-5600-a6fe-8f8221c4fb63,15,6,0.188
275fb6e4-c6b5-5841-8b82-9975059db924,15,14,0.188
119c18f5-cbb4-5140-8a37-4da924257381,15,7,0.189
450c7739-5ac5-5e0b-bef7-968a2036b223,15,45,0.189
8b788f15-30d2-5602-b7be-bb659edcfcf8,15,186,0.19
7a803319-433d-5ff6-8866-5380e9062609,15,19,0.19
43096b5f-9d3f-55bd-a07b-8bf6e61a7938,15,8,0.191
1714ed90-a6b9-5b9d-93fe-28e9b683ca58,15,93,0.191
4f89d9af-7cfa-5ca9-90dd-4fcab06426f4,15,8,0.192
1a72ded1-108b-5121-8c82-52ccfc27edc7,15,17,0.192
a7db8ddc-8aef-5abc-bbdf-373fad8dc5ac,15,25,0.193
8c0eee14-152d-5242-8aac-ceeb9b987eae,16,29,0.193
6d3214b6-810f-554d-88b8-290a49908172,16,52,0.194
7fc86f78-4b82-50e0-bc58-cb45b8e8274a,16,150,0.194
f76993ce-cb7c-56fa-b21d-8bbdc62c05ce,16,2,0.195
08e6e900-bf10-5836-812c-70c233cd09f0,16,38,0.195
7b2358a8-91ab-5705-9bc0-95724c15136a,16,18,0.196
8e35cb08-d479-5861-bd50-c9e01a1e0863,16,7,0.196
9367db08-c2ac-5884-ba3f-5cc0e6b76b6a,16,49,0.197
3ef0e6e5-8441-5a73-ad2c-1ff2a8411a4e,16,24,0.197
8a230363-a573-5b0c-8885-020545223402,16,19,0.198
24de3128-c7db-56a8-bd7b-9151f9836447,16,5,0.198
9c220a44-065a-5109-8863-489860407a04,17,47,0.199
0644da85-8097-54ce-854b-9cc95cf6d1bb,17,8,0.199
eefb765c-8084-5a3b-b38f-c0bfff8882ee,17,24,0.2
69b06497-7671-5c59-abc8-af25632f9a4d,17,82,0.2
3192a2a3-87c8-582e-9461-5093b0bfd4be,17,83,0.2
e049dca9-c47d-50d0-abd8-c000b64949a0,17,7,0.201
31d2e550-a239-55a2-8ad2-85a9d81cac94,17,122,0.201
169215d6-41b0-582f-9e64-64a001e4258d,17,12,0.202
e9cfb858-efac-52c8-8d75-3cc496100954,17,14,0.202
393ffca1-3664-557d-bd73-c5253c6c0877,17,19,0.203
e6301fdb-5bf2-5a7e-8648-9c4ca106c489,18,8,0.203
d9a172c2-32f7-5206-be96-ca4ba6f192b6,18,43,0.204
fe23caf8-bfc7-540d-b76d-37d9798763a4,18,22,0.204
43c62514-3c55-57e0-b2f5-48056eda5ff5,18,22,0.205
6c600103-08d9-5100-99aa-37d3e3c810a0,18,9,0.205
9d4bd123-b6ca-52a5-9387-2be017aa4a40,18,6,0.206
8d9d5abc-9368-5e8b-b6a9-989c9b0a1632,18,14,0.206
554cd94f-c7fa-5b49-af4d-159cbcc6f5bd,18,7,0.207
4a7bb2d5-36b7-52e2-9695-943688545d90,18,84,0.207
457f77ec-b2ac-517d-a93e-a4dadb95f3cc,18,35,0.208
1a7459c3-d78a-559a-a959-5d444a0e3654,18,176,0.208
9839c52b-2cf3-561f-9300-d102f96fcbc0,18,47,0.209
6d5dab39-8726-5b90-8fed-b8faaf5e9ec9,18,166,0.209
f313ca82-6aa5-5220-9ad8-55220d4e8244,18,23,0.21
d3a9c8df-9b66-53c7-8002-fcedf9359371,18,8,0.21
2af8bdf7-d4dc-5c3f-8bf8-eaeb3d7fb3cf,19,37,0.211
a0d81e3a-84af-5bc1-a8dd-8aa8076c150a,19,56,0.211
ff94bba1-f8a1-5802-afeb-5ac7dcc034e9,19,12,0.212
7331cbd5-4eed-52f3-ae68-3d8ded3d0a66,19,128,0.212
739bd87d-5cfb-527a-9813-02630c53938e,19,14,0.213
63c804d9-f3a4-5ccc-833f-35a04f894ea8,19,17,0.213
17a68628-9f9d-505b-94dc-c3dec44ac30c,19,36,0.214
4927394b-25d1-507d-b111-94f3b18c0f74,19,146,0.214
f11adac6-0bba-5577-8901-326f58c6800b,19,7,0.215
06c807c5-d903-573b-bdfb-ca48d0538fbc,19,8,0.215
f85aea33-37ce-5f91-81ab-bb5fd0eefd8e,19,28,0.216
9b23a4f5-aa6d-56cc-ab66-f392a9b61389,20,19,0.216
8896a688-fe81-5a88-8881-1109cfd0fdcb,20,48,0.217
079bd77b-4e7c-5470-a0c1-81b2323298b6,20,82,0.217
ad6ad590-2122-5838-80e5-77f3cb4ba211,20,12,0.218
9f1e9547-434c-53cb-97a4-901ed3eb1d1f,20,7,0.218
0a66836b-55c1-5125-ba1c-a429ad5272ae,20,3,0.219
a7db1a71-9ea8-5183-a0b3-9775659eea5b,20,39,0.219
3f966471-c131-523a-be4c-6182ef1ddf93,20,17,0.22
3eede91c-de8d-54b8-9d66-d22b374e2b51,20,108,0.22
fe2ef42d-39bd-5db3-8217-339405bca1fe,21,65,0.22
9faafad1-5d8e-5262-acbd-390d384396d9,21,7,0.221
1685c955-6387-5531-91b1-cda48b91f031,21,43,0.221
33107bef-b466-5a84-b6d0-c9532ff4db68,21,248,0.222
3b559d1d-4962-5c35-a26a-ee9a2f1e4bf3,22,25,0.222
22bd40a9-000d-5c50-b295-877d9a4f61bc,22,93,0.223
b3a680d2-ec20-5657-a137-fce9b54b7b55,22,69,0.223
410eada4-e077-52b7-99c6-8715d4348ee6,22,69,0.224
fe8bdabc-8fd6-5ffc-af86-8643817edfd6,22,42,0.224
8e723fd8-7471-5563-be5f-24e6d1f31907,22,31,0.225
ecc9e43d-3f29-5a4b-aa7d-35a0eef85893,22,177,0.225
0512216f-412b-5349-9ebd-67255a29a2cd,22,15,0.226
0109935c-0c23-5d56-843d-18b45736da3a,22,18,0.226
b5a941dd-7901-5208-b02f-572aa9ffd543,22,18,0.227
f9748a61-b1df-5d1f-b061-a0730ee5ae58,22,34,0.227
d3127683-52f6-5d52-9e27-f8e45e2ac06f,23,12,0.228
15b67dfd-3417-5382-a907-30238b820c58,23,2,0.228
6361a6c0-6598-5ae5-ac95-526cc52e8aa2,23,19,0.229
e02f6426-c7e4-5405-ab53-ce1e9c1bc075,23,23,0.229
ba89ab05-4dae-50ab-82b9-d3ef642b1159,23,124,0.23
6927eba1-c1c9-542d-8283-19d6b665a90a,23,75,0.23
6b8c6268-5fb1-5864-a2e5-df70d5f52f91,23,137,0.231
3b03d83f-3198-586e-84ad-8a35703b691d,23,5,0.231
bf549c65-0964-51e4-8589-22a0a2754b1f,23,99,0.232
1ed9217d-ca78-5b7d-b6c2-5ce3e5c1c70e,23,12,0.232
d1ebceab-6e1e-52da-b05d-a94b27a7a3ec,24,51,0.233
1fe7d739-a90f-5c26-9eb8-6b3a23b38292,24,21,0.233
a2feb72b-616f-5685-a528-f221e74aeaf0,24,173,0.234
9412ec39-5440-55f7-8ea6-4e02491917f1,24,20,0.234
bca0a89d-379e-5595-a533-206e8be975f8,24,145,0.235
df8dd01d-bdb1-5451-886f-974ca0c61fb1,24,49,0.235
d12ed11b-6479-52e8-b5d9-fb194da7f74e,24,27,0.236
a02503ca-3d4b-5fff-b013-2599ec4e9df6,25,16,0.236
333185a1-e5de-54d7-9980-443812ee280c,25,18,0.237
23d78259-0b8a-502b-bc00-af286227b923,25,7,0.237
b334db99-6f13-520a-8816-069a0bedccba,25,6,0.238
d93a8fa1-fab7-5087-9ca6-663895c1714a,25,6,0.238
51ede100-9bcd-514c-9c55-1cad0fafef23,25,7,0.239
d04c4bdf-9329-5cb8-9549-c1eaa8e2fb3a,25,95,0.239
98582eee-1415-5047-a382-8e7f85927b4d,25,100,0.24
5e69c0b4-c38e-53b0-88ab-af7032072b5b,25,19,0.24
c131b5bc-7cb3-5783-8b3c-ad6ac9932674,25,83,0.24
4bff99ba-acf1-500d-a0f5-3eea16d49f9d,25,11,0.241
463e5bfe-e274-5907-9071-7894dae4fcef,25,66,0.241
2449057c-a676-5a25-80d5-22554f75577a,25,22,0.242
24943d5e-6506-5a25-a60f-2b6766d7a021,26,71,0.242
be27b809-ca48-5fd7-be33-d81ff3c0a10a,26,17,0.243
7367310f-ff9d-554f-b744-9e8f049f51d8,26,6,0.243
5e698d09-d706-5947-85dd-be2e5ad3c9c9,26,182,0.244
4448946b-0f2b-5a6f-b6d8-616dba645b0e,26,22,0.244
710766c3-56d7-59c9-9d55-43d1be51a955,26,28,0.245
6d0f9ecb-0e8c-5d0d-adb7-14283044d336,27,113,0.245
0cbae920-bc68-5994-b159-54d6927b7897,27,22,0.246
3ac11f3d-b64b-56e6-a279-88b88406c120,27,51,0.246
edc44c27-2b02-5c9e-9765-ed49c0826d2b,27,27,0.247
33165541-e46e-5a1f-888f-a370761998d6,27,498,0.247
cc41c5c6-7fa6-50c6-8eaf-88bf8ec5c4d7,27,9,0.248
394da3e7-bd65-5f23-9e5d-ab1f87efde88,28,14,0.248
a8a87dcb-e495-5058-b77a-a4348656a23e,28,14,0.249
e112995e-b059-599a-b17c-53ac7f599eda,28,106,0.249
cbb3e45d-df15-50c0-9e73-a014650ab54f,28,34,0.25
034730c2-3d38-5fec-bfd8-7648ae40e0a1,28,209,0.25
76ee5f8e-d475-579e-ae8b-fecd8625e6f4,28,94,0.251
611565a7-2c1e-523b-b2bf-0ccb37dfe0a5,28,8,0.251
70f28f0b-261b-5939-b3b7-418478c0cd16,29,75,0.252
e342f032-6f0b-52c7-b3e7-0b80c9cfb361,29,147,0.252
d9aa3029-44c8-59fc-85b9-156741ed4cf2,29,62,0.253
f5eec656-c209-5817-8491-0375b4d0f538,29,46,0.253
34c7f101-f9fc-5e5c-b412-5e27ec0df508,29,24,0.254
e548f0f6-564e-52f5-9273-69a0a639cf22,29,24,0.254
0f5ee298-ce25-50d6-9925-5e3f6bca032c,30,37,0.255
15c5812c-d8a3-5a9f-b2fd-91996fb53fa3,30,60,0.255
ac34c1f2-3631-5c0a-acd6-76011437ab24,30,34,0.256
75376fda-1520-50b8-b67d-11b02b3dee3c,30,201,0.256
3a4422c5-50aa-58f4-8b46-89c6c6dbfd31,30,239,0.257
e60f0f80-bdf5-5c5f-b218-cfdd2bd770cf,30,194,0.257
32e8a66c-75c8-58e7-9ca1-f0c927249677,30,42,0.258
92f6cc48-f7d0-51c5-854d-b7c0b5810ca2,30,14,0.258
db8b2d8a-f3a2-569a-b6db-d28d495b29db,30,501,0.259
29c03ba1-2c65-5344-aa1a-b484f0fd8dce,31,18,0.259
757e33c1-9a04-5d33-bd71-397f5eed2d8b,31,62,0.26
ad6c0e0c-ad35-5902-abe5-c654b656bbd6,31,44,0.26
d608f79f-2e0f-5a8d-9527-3c914ec400a4,31,189,0.26
86fd8641-f939-5ed2-875b-b2875ef6f59d,31,11,0.261
41fd6ec5-94e2-5bd0-8a64-6264399fe5bc,31,32,0.261
567c8333-6b7a-5638-b102-510da1e5ab5f,31,482,0.262
f84441eb-efc8-5467-8ee1-ad70cbff7913,31,8,0.262
5633e5f4-948f-5d7a-838f-18c909b1c187,32,49,0.263
62d301f6-38bc-5b66-81ac-671e9ca4021b,32,28,0.263
40d05769-e8d6-5688-88b3-234c08880683,32,71,0.264
7f9daa3e-ce73-596b-b286-7ae22921db2b,32,14,0.264
0f423fd0-409e-5198-bf95-b3e0dfc1ce78,32,135,0.265
66f175e7-89cd-5cc5-af20-3cd30bfa6173,32,344,0.265
29347fd7-6cf1-5b6b-91be-852850af7616,32,61,0.266
fb23f5a5-84df-58d7-b934-d6dff122ed88,32,93,0.266
2cfe920c-a40e-5c89-8a60-573d4afb7b61,32,16,0.267
e313026b-b3b1-5db4-b475-fa8835262e72,32,28,0.267
ed4410c6-066d-5b54-988c-e8a794a66820,32,25,0.268
0afc9f63-5ca1-5208-80b3-98c7aebe489b,33,132,0.268
2789e02e-cb72-5cb0-a6ee-7060a94463d6,33,12,0.269
9fb43afd-b04a-5d17-b52e-79a6eb75f154,33,20,0.269
0db35e2c-3aa3-5f3d-b87e-6f6efcafe607,33,85,0.27
916e2ae5-5e61-51e6-8233-c80285f59692,33,8,0.27
be3e3af2-495a-5929-bfc0-45a7d2fecb24,33,40,0.271
02ac0f8f-8e0f-5858-bf41-faacc8f6a625,33,10,0.271
b653412f-be73-5570-9578-104e770cc477,33,20,0.272
d7e9b70c-fb55-54d4-a562-e67ec6753b22,34,8,0.272
8fc2aed5-dc91-5562-9029-4438ad9481be,34,70,0.273
66f54825-4a21-598d-a591-7de0164c2d2e,34,194,0.273
f73b6c1b-edd6-573b-8353-1281aac8b328,34,40,0.274
a9c7d572-6b8b-55fc-bde4-83f24cd1d4af,34,65,0.274
085f08db-f357-5386-a6db-e696e7f07fdb,34,417,0.275
9a6f8130-e344-52fa-a999-cb08682bbe6d,34,23,0.275
ffd39209-47e4-5927-a720-c4162c131d9a,34,37,0.276
25314e97-3218-5f47-bf45-0738a08313d6,34,27,0.276
c41d4c75-da23-5894-ad64-bc0d9076178d,35,12,0.277
acb7e916-2792-53be-9c93-1282cce75f4c,35,29,0.277
0393a168-8815-58cf-8b56-675b4976020e,35,355,0.278
d4128aec-28bf-580f-90f0-4a669958e93a,35,48,0.278
837f612c-64b9-533c-bcdf-4caaebb2ede1,35,61,0.279
6d8706ea-90ad-56df-9fd2-1e4ffceb3028,35,20,0.279
50e830cd-2068-5698-9bf7-557cac3e9ff0,35,21,0.28
396f1bbf-a029-5b47-8c79-222948d56ef1,35,40,0.28
5ff14237-b454-5b31-a9aa-bdf980e2e4bd,35,13,0.28
6b8832dd-dc56-5d1b-97be-2efce3211999,35,18,0.281
be90d5d6-5fe7-556c-8f97-bf6aafc2800e,35,20,0.281
13868531-fea8-5e57-aa79-50f14e38b995,35,96,0.282
528a4b3c-9591-51f9-8fb9-d5b88563f395,35,28,0.282
62889c94-a410-5ada-8243-189cb3cb74cb,35,31,0.283
fcc1b1b7-3d06-5da1-aaec-60daaab97499,35,13,0.283
e0a53522-d10b-5a44-a3c7-551bdf52bc24,36,48,0.284
e69b83fb-03c6-57fc-9bca-193696b2782f,36,47,0.284
4bb6d4e0-3fe1-5748-afaa-cf314e69aef0,36,47,0.285
5f40acca-34c6-5add-a972-fdcc5a5e07b1,36,18,0.285
265f65b7-6cc6-58b6-a8f2-614ac62c5c4f,36,21,0.286
1706057f-d5c7-509c-b13f-8360cbe8bafe,37,14,0.286
c70c38f1-884f-5cd8-876c-0e8dafa3dba7,37,36,0.287
db9c828f-8dcb-57cc-941c-f58dad1fdf5e,37,7,0.287
60c7cece-d059-5da7-a649-dc4208eebd8f,37,44,0.288
4eff8cd5-cb68-5952-9a41-3cecd712eee7,37,27,0.288
140bd178-5000-5e95-bd41-a9086558a74e,37,30,0.289
e9f820f0-e9da-53ec-87cb-444a5ecfdf2f,37,28,0.289
7a32cad9-7ecf-5213-abab-f15faf5eb2e0,37,16,0.29
fe088eea-c27d-5d25-bcb5-6530e934529e,37,161,0.29
fd9fa9ec-f8e4-5c3a-9383-477af00205e4,38,303,0.291
538775c0-51ed-5eda-aca7-45db5c68a898,38,197,0.291
f0af7ad0-907b-59da-8b4d-d73a24d8eaa4,38,27,0.292
379eae00-9157-53b3-8d42-1ca3e5a8fce1,38,10,0.292
097ec0fc-e6e0-55e2-8300-fd0787538f84,39,14,0.293
96c67454-ec1a-5219-b3a1-6985f11221c2,39,91,0.293
d4cb3a66-c5cf-5bcb-9289-cc6d65cc336b,39,51,0.294
f4d271f9-69d0-5626-887f-8dbd485d93b9,39,16,0.294
bb525ccd-507f-5843-89e1-d95fde37e2e8,39,40,0.295
acc3facf-dd9b-5ab3-8b49-bec4d8e14fb4,39,40,0.295
531d6796-7c8f-58d5-8f4b-cc5b5efe5cb6,40,29,0.296
49abb863-06d7-5baa-b856-b9c165684e15,40,28,0.296
3ba68d6e-c9d5-561e-a49e-1cb18733f662,40,12,0.297
d6c72177-1535-5b41-ac6f-9b337d90b782,40,65,0.297
bab0a48d-4046-5969-a030-a49b262d03d8,41,56,0.298
dc376644-7cac-530e-9d8f-73bc45f41b53,41,34,0.298
4e90f95c-a9ac-5fd6-8b9b-30f65b87af5b,41,20,0.299
1a78f50e-2711-5db3-a8f5-00577d5d7007,41,19,0.299
925ec1e4-d7ad-5ff1-bf73-2ea9eb0632d7,41,53,0.3
85fe5331-f595-56c0-ada7-e146e583cb01,42,96,0.3
b3a07c79-b14e-5da2-874e-73f060ba8076,42,18,0.3
80192205-351a-51e7-83c5-7d8d6b533aeb,43,29,0.301
7488cb24-a346-56a5-8ccd-4f82b09dd4e0,43,20,0.301
dcfa690c-2ff8-53c5-892e-2b6035a50b2e,43,139,0.302
83fa873b-4458-520f-83fa-40a37af46e01,43,283,0.302
b3867c5a-918b-5964-9741-f790cc0e09c4,43,13,0.303
cb364c43-e327-5b36-8cbd-d478400569b2,44,67,0.303
658e5366-4fd3-5c99-b4a9-3d5a2ebc9162,44,26,0.304
cf125fc7-db04-5797-b819-91fcb6706f60,44,22,0.304
b1880f85-cd05-5a37-b8a3-19a283c2f69a,44,741,0.305
61e8c92a-bc72-56ba-ba7a-94bdb9b7e3c8,44,61,0.305
1745e85e-8133-530b-89dd-7f67d830656d,44,81,0.306
38c550d1-26cc-536f-b3aa-25a563aea1de,45,15,0.306
ed1e0d53-db32-5535-a5ba-e32eb06244c6,45,7,0.307
5c83abcc-988e-5b95-aa16-2f3119ad19f9,45,21,0.307
ffdae1e4-456d-542a-a9d8-72842cf67e55,45,161,0.308
77346b81-b549-5e29-84be-94306235fb0d,45,297,0.308
8b380289-8cf7-530f-84e6-105eb9d067c4,45,62,0.309
37ea4e89-3013-5519-aee9-443ad33943ed,45,35,0.309
744b768a-3696-56cd-a508-d5de54ee3846,46,42,0.31
92c1a9f3-57d6-5ade-94f6-7c21fd605ec7,46,251,0.31
cba2dba8-5ce3-56c9-a260-1e8fcde87fbe,46,8,0.311
75ea2cb8-d84f-5a16-a8bb-c27945a5982a,46,243,0.311
db9200d0-d7e8-5f69-b322-3501ba63dfdf,46,135,0.312
b7adc54b-21e5-5861-a45d-c9b283fa6d38,47,34,0.312
9e32ad6e-be97-51fc-bdf2-ac0f8c47d746,47,11,0.313
03fa46d4-116f-52ce-bbc4-0b7a73fb07e0,47,11,0.313
9ed7b8a7-d611-5f81-87b8-57f22cfacb9b,47,47,0.314
da26a8c0-d6ae-5953-9f7d-71015040999d,47,51,0.314
d236a2c3-3b22-5839-87f7-bc2fbf385e9c,47,40,0.315
855e0c61-e69c-549c-a09d-9cb928ce0c76,48,321,0.315
444636a3-d40c-5f0b-a4ab-cf8a5be0ed1f,48,20,0.316
02b8731d-4f32-5d37-84c4-3a6605da4997,48,45,0.316
da81e950-8d88-5c57-bab0-c5acf693720a,48,15,0.317
d61256c8-93f4-58da-aefc-6926cdf1683c,48,103,0.317
ead6451b-e194-5463-b6ca-5e9eaa92227c,48,25,0.318
5d3150a1-73b4-538f-bab6-4b74c3294d38,48,50,0.318
ccf5a8f4-85e9-54d6-a617-7d7061bcd307,49,55,0.319
13caf3d5-9508-57df-ac70-55d76a04a042,49,104,0.319
261c1035-ae8b-56bb-8da1-778654a394a3,49,62,0.32
5cc2778b-35a6-5d96-a151-ccee273ddba4,49,643,0.32
97613750-49d3-5c33-a5bc-e16219cf76f1,50,52,0.32
d0269ebd-13d4-5f7a-a4da-ef558e166a32,51,140,0.321
24d07a4d-4301-546e-a149-066c0a5ca9dd,51,357,0.321
4ff70e5d-5165-5e7a-ad7a-01cd3af8a399,51,48,0.322
ee3b9608-b0c7-512a-903b-321c0649af63,52,36,0.322
40c426da-e5b4-5378-9314-7f28410fcfe3,52,25,0.323
6a6538f1-9e9e-5853-9bf2-016760b1aff8,52,55,0.323
5b11e5ce-be2f-54e3-a452-a4b781e6730e,52,163,0.324
d7fe5043-bbf0-5048-9398-5ffda7c47cd8,53,36,0.324
f920e7c9-8cdd-56e2-8ca2-8321345ea894,53,25,0.325
e2bebdd9-2b03-50ed-b134-ea4d44922f8b,53,32,0.325
3cc4acb9-268c-529c-a025-9c054055a3f2,53,20,0.326
3981b6f8-b67d-53db-86ff-25c50193ef01,54,213,0.326
ea72e538-4aa3-5058-ad06-44d1a864129e,54,48,0.327
de0b79ac-93b3-5369-8e20-d8bb9bc960cd,54,346,0.327
5b1e00e8-0568-5c86-868b-6402779da9f0,55,353,0.328
c02f23ef-c470-5bb2-a7c2-03af2ca0c05c,55,102,0.328
32cfa84c-eef1-5801-9f99-2bec52a09ae7,56,160,0.329
aa3ff361-f54f-575f-806d-01aeb1e054e6,56,158,0.329
952fa57b-ec47-5cce-9bef-3df5486753f9,56,63,0.33
06cc83ac-f120-58c7-b3d2-ea7e32b2a359,56,41,0.33
b8891d2c-3c59-532a-84b6-66d8fb49e068,56,139,0.331
1fe2143d-93fa-5bec-a67c-a16bef4c03de,57,33,0.331
b0ad803d-e4cf-5fb9-962b-f9168cda2552,57,665,0.332
f27f052f-9209-5040-985e-39a028d47368,57,15,0.332
823b8d1e-a987-5eb1-8c5f-bcf982e5cfa1,57,143,0.333
183d5902-7b90-5f13-96aa-c82a22a82252,58,315,0.333
8c1be3b3-ec4e-52e2-bfce-6b1fb84283c8,58,369,0.334
dd70aa88-920b-5c7f-b7a9-90f76f8c450d,58,95,0.334
84330b1c-13dd-56dd-9d6d-716b35943f44,58,232,0.335
ac2e350e-1bd8-5355-9b2c-b0ee8c815f4b,58,46,0.335
8a04665a-42bf-57a7-b72c-1f201f53487a,59,37,0.336
b7db3d61-217f-5815-9845-ce1af0b05da4,59,24,0.336
b6d1d428-27df-5ef5-9108-421c6967ac47,59,105,0.337
a4ed2baa-bc00-5f2b-b9e9-5938e218da1f,60,72,0.337
262751f8-78f5-5f42-b399-41eda090cf99,60,46,0.338
65eb8885-59fb-5aa2-97f7-956f71670f22,61,100,0.338
87caa15a-20e6-5b7c-8cde-7893f596d3e1,61,32,0.339
3d76da0a-f1cc-539b-a179-5511beb17156,61,136,0.339
420e02fe-5093-5374-8d3c-234489259f99,61,263,0.34
1ee1f381-72c7-5488-84c2-923a44666ae2,61,39,0.34
5b34d1ff-5434-50ae-8955-110e57da41f0,62,41,0.34
41b66997-a812-5529-b2ac-22399a024861,62,15,0.341
74375466-ee21-531c-860f-b2eb19ebc9ce,62,325,0.341
55b23674-5896-550a-a8c0-54270287eaf8,63,12,0.342
47238d5c-ce3d-5cf3-955a-57a7c640e845,63,17,0.342
37ab60fc-ff94-51dd-918f-3414596ac732,63,13,0.343
d9e3c45a-a61b-5ac8-ae8c-9189dc56d765,63,14,0.343
94488031-f464-5e62-aa55-490180c5b075,63,55,0.344
8bffcebc-9ec2-516e-a900-b2b9026a091f,63,43,0.344
46df2683-5ceb-50a8-a96a-2db220ade44c,63,21,0.345
ef58ce14-b5bb-5375-abd4-aead010bedf0,64,17,0.345
64894ebb-e46e-5d49-95e6-be078f2ea757,64,26,0.346
c35c9a4e-947f-5a69-a4a2-1afbabdb7e83,64,29,0.346
4b001831-96e0-5c21-b50b-920fe0476125,64,69,0.347
e53c2719-5763-5679-8b79-3521a64cb6c6,65,69,0.347
3e2ea6c7-54b0-55a2-9e8d-0a47b0167516,65,1198,0.348
27767995-fcd4-5684-a4eb-96c75ff1895a,65,26,0.348
1b73cfd8-a715-5882-80c3-da98822140fb,65,95,0.349
749fdcdd-8c93-5c02-b827-41ed29de0c65,65,131,0.349
2ee53d1f-23e3-52a3-8c32-9304fe9f9cf5,65,60,0.35
e18cacc7-163c-5614-b5bf-cf55d72c98d7,65,316,0.35
c6a32c70-66da-5483-9c89-1054e4635bb8,66,44,0.351
6ed29075-77ed-56bc-9117-a83a300e42d5,66,42,0.351
497ae89c-cc00-5187-955c-a0ebbf735ee1,67,77,0.352
f1e77a4e-bc62-5374-8cab-4d39fb967f71,67,96,0.352
d7fdbe8d-82f1-58b7-bcb3-e79e807db570,67,37,0.353
973ce08d-51ef-5d85-b47a-254b214df17f,68,49,0.353
bbc644c2-ee33-5274-b238-0917f0044d46,68,71,0.354
4c480465-4bd3-59cb-a553-f9328c0afc9e,68,447,0.354
bdf18640-252a-59c5-b928-f62c90f7aba7,68,15,0.355
c63dc977-9eac-56a2-81db-dd9e73de718e,68,35,0.355
4830e934-f22f-5c7b-ad0c-fbe1af2f2774,68,238,0.356
75ace195-4fc0-528a-832b-759afe1d5e99,69,136,0.356
d4dca286-fcdb-561b-9b51-cd3a361fbf75,69,28,0.357
e9ea7c67-14bf-5f60-b016-74bdee78cee8,69,70,0.357
bcb5472b-b95c-53b4-9c0a-46e4b1bddc8c,69,40,0.358
7f8d3279-bc6d-5ba0-9fee-95175ccef859,70,94,0.358
2e04fe33-e4b1-50a2-a7aa-e6e7ac35d0c3,70,22,0.359
16d0ccec-c0b0-56c4-bfea-4485137f6560,70,244,0.359
38034f00-4c3c-5d78-8d49-b2b1a118d226,70,66,0.36
bc687836-c4ce-5c6a-883b-dbd990b0dc90,70,42,0.36
82a84a2c-4cf1-5dac-9632-96e3f6b6c4e4,71,92,0.36
1257ab26-71e6-54bd-83d1-1e35d149c3f8,71,304,0.361
2e26bc74-92fd-5f4d-a631-93cbb7cfa2b8,71,29,0.361
42127579-5b3c-56db-9847-4d684a35ce84,71,28,0.362
af84f1b2-3a91-5f46-86ad-412500587577,72,86,0.362
8bdeec8b-baf5-5cc5-b00c-038bb878d2a8,72,171,0.363
e10de380-c783-5711-b589-46750fde1f97,72,603,0.363
ed6c5c98-3913-52a6-83e6-72b093d9502d,72,43,0.364
58b38d91-e127-56ca-aeca-21542f18d3bb,73,70,0.364
0bde0d45-922c-58ad-8e91-770c05909c45,73,85,0.365
51b7a671-657b-5391-a044-84ed6f0e4321,73,54,0.365
e997eb0a-3c61-50ed-b6b0-afd02f6da992,73,19,0.366
8323785d-6a04-5dd5-b184-b6e6a3efc61e,73,533,0.366
2ac02a26-61f9-5417-91d9-ad77656f859f,73,73,0.367
2e21f26f-b485-5bce-aefc-762200f8d865,73,56,0.367
2e846a51-153b-59ce-b244-e06b71e1b640,73,26,0.368
5f45475c-49cb-5274-8865-f7553e7977a7,74,23,0.368
591f740c-9d95-5a91-ac69-cc99a8608417,74,14,0.369
82bb2247-85c9-55e7-a77f-4ef20f5dd652,74,43,0.369
6b38ef6c-e186-559e-be54-b3cbe61a1f61,74,613,0.37
15c99317-6c36-51e5-9d51-548ae89d32b0,74,22,0.37
3bbf9ba7-eb64-56e5-9847-34f5aa3595ff,74,49,0.371
36dc6388-b687-5ddd-ad21-aefe53920004,75,36,0.371
d33bb6e6-3f59-509a-8b2b-b0210220a009,75,13,0.372
ea47344a-0d86-50b6-92ed-49c0f5287cd6,75,40,0.372
ce9bd2ee-2fd3-5936-a208-8b452a710846,75,172,0.373
9ccf77a6-21fe-5f92-b3f0-faea5378972c,75,38,0.373
2b5f9641-4ecc-5dab-be4c-0511b113eecd,75,77,0.374
53e9e89f-a3a4-51a7-9c0a-fe7fbbbd51e6,76,43,0.374
b58b1eca-5410-5f7b-a174-9225ec7a2be4,76,35,0.375
e0cd0fb8-d1c2-52ae-b014-a34f385435fa,76,41,0.375
5728f494-6959-5b11-a616-5a3b57ac9739,76,249,0.376
92c8dd1c-f296-5088-b6b5-6f21a23e449a,76,416,0.376
7e008cb2-3dac-5053-87fd-3e5d2fef35f7,77,193,0.377
74d261d8-6070-574d-a4e5-d1e2d49969ad,77,92,0.377
3fd58317-bfdc-5979-88af-85ba66f060ac,77,62,0.378
cf6a90f4-98f6-5dd5-a2e9-625fdc200d3b,78,29,0.378
44c2190c-e4f3-5e50-8be6-ea84dc1f8b73,78,34,0.379
ee0f83c1-f189-5781-b499-dbd69353cab7,78,500,0.379
a20a1c8a-5217-5148-94ae-5aa0bfbd2a23,78,12,0.38
0cba5077-1353-55d6-af12-a7d783406caf,78,35,0.38
92683acf-bc17-557d-aa4f-26fe3f6903c8,79,55,0.38
48dfba2f-a9b1-5d6a-b388-bfe75968a70d,79,73,0.381
2487ab12-3bb2-57ca-893c-ba57cf3b8002,79,70,0.381
af6d41e3-52b4-5807-85a9-c32f45c8c068,79,158,0.382
5bfdc881-40b3-5cee-83e9-b198ed9fad89,79,73,0.382
676641a2-35b5-57e2-8728-c53148e4b91e,79,59,0.383
7a677098-fc5c-546d-b698-bc739db8f8bc,79,40,0.383
049d8e94-9b47-5497-9376-244b397cb046,79,661,0.384
c0ad48bc-9920-5987-99d3-1d9820cace67,80,67,0.384
571f160f-9c22-5511-9465-8df99d032403,81,135,0.385
cafd3e0a-a9fb-53c8-aa82-3ab8060748df,81,54,0.385
4a592a81-c22c-5cc8-ae27-7b33eb2ba9df,81,44,0.386
b56477b4-70a3-5fd4-bfb9-83148c2aef33,81,306,0.386
5b8403ef-24f4-5391-8479-dcd93a6fec3b,82,46,0.387
48bb8bf7-56ce-5856-ab83-77fa1d7633b5,82,112,0.387
6faf377a-c26d-5350-b744-9ea4eff02af5,82,134,0.388
af3dfaee-6cc5-5e58-8532-eec773f19b1f,82,16,0.388
a33f1cd4-63ff-5a67-8b21-80591eb9a613,82,97,0.389
8d1d0a7e-b17f-5132-9b55-6398d515b830,82,39,0.389
7d506324-4521-50e6-91a7-dbfd6c939c8a,83,53,0.39
64da7b96-7891-583a-ba2e-4d40071bc9cf,83,299,0.39
23de5858-cbff-5186-be86-6de8a2a35bc5,84,52,0.391
cc1fc465-ce56-55ed-9336-92443fd67cba,84,54,0.391
e67fdfba-240f-5c31-8470-17a48782eb62,84,112,0.392
766ea47e-f46f-520b-b3c7-77937b72783d,85,110,0.392
ebc09641-804e-5fea-8a06-9e604515dd9e,85,47,0.393
29e0a605-fa8f-5220-a383-d5952103fc71,85,382,0.393
fc3cffc3-6ccd-5587-ab5d-5ce61b2c3de6,85,228,0.394
29acec71-2af1-57f7-a196-ca4be8fc00af,86,89,0.394
bfb224a6-0fed-5de4-b617-499caed11ef9,88,80,0.395
8b94f4ec-51f3-5518-8ac5-dee18f2d8906,88,45,0.395
2e85c73d-a354-5f98-b850-da7bf7bc264b,88,95,0.396
c14efaa2-136d-5618-ad41-983010c90d4e,88,84,0.396
658b3819-81f6-50c5-a49a-67a2ab88584a,88,109,0.397
041e8bd4-151f-5f0e-9aa2-faa4568c96b1,89,58,0.397
9f3bf808-1158-54a9-9565-a15c1f06cdd1,90,89,0.398
59f0aaee-433c-54a9-8e30-ac41fc82a87a,90,26,0.398
2253d944-b7f3-541a-8dfe-b6777c92187a,90,65,0.399
2c75f5e5-a17f-524e-a5ef-f0d580ce906d,90,70,0.399
bc37ff9e-950f-5f1f-bb04-b3ba73ffc9d4,91,217,0.4
fa4518db-8622-5356-a8ff-64521f7ff9bf,91,65,0.4
171c5e07-70a0-5493-a85e-3eac77542c0d,92,142,0.4
297eb84b-8a15-507c-9030-2f192dd9763e,92,50,0.401
f4eddc72-63ca-58c9-bbbb-09bc31f07f80,92,39,0.401
db403288-99a2-578a-b573-9fc50942c99f,93,79,0.402
4d92c30f-15f9-5f59-aebb-66eeac193ccd,93,181,0.402
99d381ae-c04c-550b-9129-77321564d977,93,150,0.403
05bd0563-cb88-5902-bb6d-fdbf4f4cfafc,93,377,0.403
4c50d731-2642-52da-bba6-07aec0dca597,93,111,0.404
a60cb24a-4675-520d-ab4e-1d5c72ee19cb,94,31,0.404
ded2f16c-b823-51a2-b9b2-559ab0a05ffb,95,51,0.405
cec52258-2c94-5d28-8f1d-d487c462a7a2,95,236,0.405
ae4c6cb8-539a-574c-8614-210164198df8,95,40,0.406
d6f23728-941d-5bd8-9f3d-be38d0bf2e12,96,87,0.406
b06e8aac-2a3c-5636-ae51-21a6f1452776,96,55,0.407
81173809-df27-5527-991a-260e430c49fe,97,59,0.407
2ba09e6e-08e8-5aa4-bf59-949dd0c0d74a,97,148,0.408
524c5e17-7bb4-557b-a7c4-8eee2b10231a,97,248,0.408
10a3e08a-5649-59bb-9433-6ae9954f2ffa,98,23,0.409
a2855b5e-c9c8-58d5-92ad-267244d9d68e,98,184,0.409
486fc5d1-5e74-5e40-ba6b-dc3e07b5c936,98,84,0.41
6367986d-047a-5cd4-a43d-f43b53b8717a,98,76,0.41
e93d3cb2-72c2-535c-b147-20d4dc85329a,98,96,0.411
d9f01d86-4bd7-51de-92a1-c858e147ae72,98,49,0.411
5e16cc76-1d47-5654-a069-07418576cc67,99,114,0.412
6e739a51-ed2c-577d-9f31-d9a875f8db96,99,822,0.412
a6bfa43d-bb1c-5f1e-a979-0a1bf09023ac,99,97,0.413
b56e48bd-c123-5e56-aa0f-1916c31590fc,99,109,0.413
70b73d44-b9ff-5c5a-95ef-f9634b453ffd,99,403,0.414
3220baa8-fed7-5107-8783-fddcac2c8dc3,99,19,0.414
69ce63a9-2dd3-50f5-8117-6d57ee8bea50,100,159,0.415
1ff83d37-cc8c-5db4-8ff9-83f8fb023035,101,35,0.415
4dc7fcf4-2ea8-52ee-9bc4-daf26fea68c9,101,105,0.416
5bfbb05e-99d9-579f-8875-d1d7013b8d4a,101,394,0.416
18732449-1838-50a3-987c-6ef5f342d90f,101,683,0.417
de51d191-e253-5485-9e02-7e90bac78a1e,101,228,0.417
820b2081-a7e9-577e-8f5c-d6035eca029e,101,68,0.418
584f1206-f73b-5afa-a872-fe113b6d343a,102,111,0.418
69c2e2de-a856-517c-9977-65276092d07d,102,210,0.419
d140255f-cb47-55f6-8e6d-5a055b34fd54,103,131,0.419
9fd7f69d-63dc-503c-8ea5-159b1ed9c73e,103,140,0.42
f39be346-7b19-52fc-abfc-a223e248c53e,103,45,0.42
209a3cd2-f9cb-5089-b414-a171fc923627,104,50,0.42
7b9c447b-fc0e-580d-85b5-62f2e42fc516,105,101,0.421
6b15e724-9aa9-5bd5-b9a6-48ce7902a9c6,105,56,0.421
f306eff6-bfe4-5b09-9ced-0096342ef4dd,105,259,0.422
c330a3a4-8d61-5500-a029-ed86b70df109,105,53,0.422
6dc41f1e-69ea-53e2-beb8-aabcfec999d6,105,43,0.423
06f6bf03-6e64-55bc-aaff-154fa8f0407f,106,39,0.423
886550ac-0ca7-5bb0-8cb3-8604ba8b304f,107,37,0.424
b54a0b4b-8271-5109-9d2b-c61cf3022017,107,75,0.424
b6c3e157-8ff2-5ec5-bd0c-4e0733bf0752,107,320,0.425
c433ab07-899f-5e32-8e55-0f7a79551dcd,108,226,0.425
202e5726-2190-5127-b8fd-0210eb99efc7,108,124,0.426
058bca6e-9a19-5b58-93f5-72f7dc3e6612,108,125,0.426
249f312a-8f3e-5812-9efb-c73b4c6f3336,108,44,0.427
c764ec9a-4d29-5f2c-a443-bf484cbb79ae,109,113,0.427
7fed9f79-fd47-581f-90b0-24be960051cb,109,52,0.428
bf9e5bc3-aca7-5738-b124-6dbbea72f050,110,492,0.428
70fda231-323d-59e8-96a9-abaf3dfa0ee8,110,114,0.429
dcb6a67d-cd35-57dd-8eb7-322763d3b7fe,111,85,0.429
bdc35bda-a747-5c70-9d11-4736ae8e2a4f,111,169,0.43
f405859d-a58b-547b-a6ac-72c034cf719b,112,80,0.43
b04b8f6e-3d7a-5594-a453-4d4d0ebdf46f,112,78,0.431
5b884440-68c6-5c85-8690-0985e90fce51,112,176,0.431
c72339c3-4967-5b68-84e8-e965106662c3,112,126,0.432
c46f6fad-ff09-5ec1-97af-183566d3d4f5,112,475,0.432
5edef8dc-4065-52ee-8767-1d6b371990de,112,123,0.433
b61741df-3d0c-5d44-912d-ab1bfae204f0,113,129,0.433
8a20083c-af27-5b06-b392-1b994a1ccc2c,113,150,0.434
e1cd3560-5de3-5e62-b2cd-7d3bddfcfe62,113,34,0.434
d220f14e-fdba-587c-b6aa-df12da960b8b,114,39,0.435
39815faa-2787-575e-bb85-86bc5786de2e,114,405,0.435
e69e102a-c94d-5944-ba29-753af3a5de68,114,90,0.436
4f9f626b-8985-5f76-ad71-beeccf0a2247,114,432,0.436
dca52337-cc12-5e90-9bc9-e0603a978e80,114,245,0.437
830e5553-6e4e-5877-87db-e5048944d2bd,115,207,0.437
22a2a727-0e62-5d2e-b75d-fb21eee5494d,115,71,0.438
fccfa5b8-0692-5e2c-9a33-fd98d6e39479,115,44,0.438
a9c29c10-b88c-5d62-a917-cbcfa4d62f38,115,27,0.439
429cc9d4-d093-52ae-a9cb-e891c77e03fd,116,38,0.439
5f25d284-67e1-522f-8eeb-5d8926d35dc0,116,73,0.44
b3299fba-4e79-5708-af03-83601429c325,117,983,0.44
68fdb5b8-35a9-5a72-a452-5b5c6238b66a,117,229,0.44
ae29689e-2056-5520-a3a9-fb8b36f6d06d,117,229,0.441
a6bb92bb-bdb0-553f-8cba-d2d16a3aadd9,118,205,0.441
e297cbb6-0a6b-57ba-890c-dc772e3c1462,118,80,0.442
a542c517-0886-5305-a48e-0e1aabae5eda,119,98,0.442
cb53934c-f5bd-5e8d-a85a-83c969804404,119,276,0.443
dd0e2aa5-8851-5ff6-b452-77382fb121b4,119,218,0.443
96d52af8-a76e-5459-abe5-b476f8b77d11,119,94,0.444
849ce5d6-63c4-59f1-b5be-c956aff0030f,119,86,0.444
37f822af-79ab-555f-be07-2b6463691e4c,119,43,0.445
41e42e1b-f119-570c-a7ad-4c18e4b602fd,120,196,0.445
5efde08f-df6a-5431-b328-10d77afdd761,121,157,0.446
9055a399-2ca4-5525-bda8-5e57b3a0704a,121,50,0.446
e4299f35-5d53-59e1-85b9-c867b1fd4f2f,121,318,0.447
aa75f214-88b3-5a99-b67d-cff82b772962,121,583,0.447
415d09fe-0a26-5ebe-a71f-c7dc52687bf7,122,73,0.448
537772eb-4495-5bdc-9774-d51dbcc8db3e,123,273,0.448
afc32729-0be3-5611-b74d-b949a93ff123,123,711,0.449
5429e0b2-1700-56cd-92f1-f2b51e08b8cb,123,345,0.449
669886e4-a5c4-54a3-9d78-ecf7573e3716,123,47,0.45
2f5feecc-67da-5670-849b-491b22b86f22,123,55,0.45
1e1e1d9c-e75b-5137-bbf3-85ac59e559bd,123,233,0.451
32419c1d-b0fd-5a2d-a642-e6684944954d,124,220,0.451
ed6503f1-5216-5419-a7d9-d3cbf0a06a14,124,121,0.452
60ba39c8-8967-5e9b-b607-20c1369f6a41,124,233,0.452
46930ade-8548-5bb5-9fbd-7d8e0f5eeb66,125,72,0.453
c82ee3db-fab6-5149-ab8e-b6d2ca62ae29,126,378,0.453
7bcb233f-6fb3-5086-b92d-94a3467a2fe6,126,31,0.454
154153a0-52d2-5d64-9afc-1a96273e0a85,126,26,0.454
82f6c561-0999-50e6-980f-a5a73b9b29eb,127,166,0.455
b69c97cb-c25c-5eb7-b59a-900ce6e6cddd,128,131,0.455
0f228296-8322-5a9e-82d5-17489b093b73,128,143,0.456
6ec964fa-9e07-5bf6-9e8d-7dff52975bf1,129,745,0.456
5f40762d-06d7-5b1b-98fd-dd25cbffc0fb,129,419,0.457
f8101987-6d54-5d8a-92a2-0a152fd3c274,130,53,0.457
5c9f37e4-307b-5288-8793-3d457937ea7c,130,85,0.458
0bdc9b6a-1eb8-5dd3-a871-47db437813af,130,53,0.458
fc72ae30-a633-5727-9408-28ccf83d3a77,131,38,0.459
517a5bd7-9a02-5d60-b756-a850cff382e0,131,364,0.459
db20d8c8-7f70-528f-9128-280152c60cf9,131,388,0.46
af74be40-eec6-58a7-8c8a-d836003bae41,132,76,0.46
174d6a8c-0c74-529f-add4-32c2a7d5eaec,132,366,0.46
55f282cd-061a-5e1c-95ea-76cdc7197710,132,198,0.461
1f7a340e-d602-540f-ae73-7309fd9d411f,133,256,0.461
fb1b185f-d74b-5a02-b1ca-073f0121f4d8,133,164,0.462
3323fcd1-8e2b-5b54-ac97-d7456f01b9b1,134,331,0.462
6eb03c80-25ae-53d6-95b1-f660a55a9e01,135,1359,0.463
7bf724c1-0817-5084-99cc-1b555c22293d,136,193,0.463
236f62a0-1ccd-530c-9700-9e6499ff31b8,138,55,0.464
bebcdfe5-81a1-5960-b0c0-3e6f40bd242e,138,230,0.464
f927545b-afdf-5715-a921-2cdc596fddc2,139,110,0.465
f499aeac-bba7-5a08-9981-e5b0b970ca86,139,60,0.465
62098f88-f25f-5b32-ae46-b159864bb7ac,139,53,0.466
a12a0c83-eded-5a32-9f93-58d46c5e8363,139,52,0.466
c5f49916-4cf1-5809-9808-a8bc474dbd29,140,774,0.467
8eac1c25-b03d-5c35-bc46-aad5c48b74bf,140,73,0.467
99e7e7bd-a770-564c-b4e4-0f226fd10b4a,140,76,0.468
ec06798a-6b88-55ba-bf95-9e07bddb9b9d,141,82,0.468
c6bed2a9-d632-5cd2-87b6-c22f63cb7cd0,142,59,0.469
d1fee8a3-0bd8-5aca-90f5-9ddf7a7edc99,142,46,0.469
66c28792-8a4a-5764-bc6a-451ff3656a71,142,83,0.47
ad89cd43-e3eb-533e-962d-9d56f5b6cab0,142,158,0.47
fed02a3e-4914-5d64-8ccb-3ac0d824d2ed,142,57,0.471
2f68a5c8-f618-5f32-ba3c-cbd0ddf29b53,142,295,0.471
c5caad31-7774-510d-8431-1188fa1ffe85,144,59,0.472
bee824ab-84be-5d07-9f7a-93bb15c08546,144,344,0.472
ccd78fc6-c1a9-5f4b-af19-e8db3d860286,144,47,0.473
862ac00d-0c2a-516e-940c-684eaecd9826,144,108,0.473
f79fe440-0e50-5071-853f-afe46427d262,145,89,0.474
d234ea8d-9f29-56b1-8849-30c87d4021bf,145,40,0.474
b8aeb078-f10b-5b29-86d3-0a0518ab6950,145,71,0.475
4728ecbe-48bf-5ca5-a8a7-b98731e67320,146,44,0.475
95d9f5cf-c4a4-5f2c-acfc-573e3372b374,146,33,0.476
7e47d692-0e18-579e-9913-8d6d4f0b3147,146,153,0.476
bdaefd4f-4b06-55fc-8391-386f4d212b1d,147,114,0.477
9c4d350c-8e16-538c-bbe9-ccc9c9d6523d,147,161,0.477
a3437499-c793-52ae-bfba-12e86cf4e4da,147,116,0.478
f67b1bd2-4538-5d00-be0c-145167bbf595,147,551,0.478
12dc84cb-ef3a-539a-b412-a5b7291989d8,147,393,0.479
1f2dd8fd-363c-5ef5-b3d4-c9150a791860,147,71,0.479
c54168c6-6ef6-5023-925b-ffa1d4718738,148,213,0.48
c98724ea-9edf-5bf7-9d54-68917c918fc4,148,168,0.48
3492c10c-4dfe-5b30-9fa5-adc01b8155f1,148,102,0.48
b39f9d7f-66ab-55e2-a1d3-3c8a8f9cd614,149,94,0.481
088c2d62-4669-5736-aa17-1d8857ee9034,149,398,0.481
3e3a7200-047b-5405-a1e7-4acfb9e94410,149,398,0.482
21243c14-32bb-5363-b969-968ca18b3f3d,149,314,0.482
b72df0d3-1307-5cf5-8032-6476694dc9d9,149,82,0.483
3119bdba-d63d-5b2e-a175-176a09cf4e92,150,22,0.483
c4b0359f-9b7a-56cd-bad3-091898682920,150,509,0.484
267ae306-117c-56fd-9f21-56cb3dc41403,151,158,0.484
7ca6244f-8181-5291-8ae3-5d73b99b59d5,151,101,0.485
f3cc5a43-5518-5d48-86ea-9789e59ec9f1,152,260,0.485
08aa9d12-7c3c-5f5c-b7bb-cb94e938f196,153,42,0.486
e04f483b-4b13-586d-9e6e-52e95360436c,154,67,0.486
b9691046-b327-53db-b093-8817d7155add,154,64,0.487
16a49994-6114-5c30-99b2-4aa444265396,154,247,0.487
73d97556-eb9d-5ca7-b40f-5e9fd3b76bb4,154,79,0.488
5502fb5b-dd00-5a9e-b7d8-2010343f07a8,155,570,0.488
12f2640a-b99b-55b6-9bf2-6885bda22b69,155,60,0.489
73f0f835-14f9-5245-aceb-c9b77af12254,156,71,0.489
48f082d6-f5df-5795-b078-1624746e1176,157,251,0.49
b6fff0bb-7f7e-5e33-bc76-71cbcc9929d0,157,540,0.49
4005ed71-188f-58b3-879f-8d0401cd8fdf,157,454,0.491
1b409701-50bb-5c19-a402-9f62de81038d,159,54,0.491
e96dbd2e-ad96-5c33-8caa-6da12b6b292b,160,208,0.492
d53dfe7b-97ed-5e64-877d-f5a72508e997,160,171,0.492
b6e5d610-8147-5dfa-a22b-e177d14e4b21,160,125,0.493
03d1fb1f-4962-56ff-b206-d7fcb3d56380,160,67,0.493
fa9ec704-7920-5569-974e-954c7977720d,160,196,0.494
525b4a9b-0dca-5955-96a7-8cc22d455c7c,160,44,0.494
03055bdb-b53e-50b6-8326-f0cdb53e1c38,161,85,0.495
6c4f395c-4fcb-5f5e-a47e-2da7d8122550,162,329,0.495
af3f4db0-a914-5d0e-b0cb-09b7911bb74f,162,290,0.496
e9c41c90-04be-5910-82d3-72a29fefdfdd,162,73,0.496
7549d492-ff9a-5a47-b24b-a909720fb73e,163,118,0.497
e231a9da-693e-52c8-b67e-d5d7b9f3d386,164,205,0.497
e1f7d321-1eb5-5035-b6b0-1fc117e53530,164,270,0.498
0e1ec3b5-7da7-59fd-9438-532ed76c1298,165,102,0.498
6f1609ab-ce98-51a3-8fec-5797d61b8fdb,165,154,0.499
766b9a01-ae04-53e4-a058-4daa6ea6bdd7,166,232,0.499
67e3ceff-19dd-50be-b32c-1dd2f7cd2067,167,83,0.5
e85a80cd-d0d8-5830-8d3b-3d1b6ac3deb9,167,149,0.5
a46f814c-15e3-518a-bd1e-6ab786a01ebb,168,161,0.5
9052118c-1edc-59e8-aeeb-c7e89f4fc383,168,150,0.501
c58a89ad-8719-54a8-8531-caa1efa17cdf,169,204,0.501
a3920f55-509c-5da9-941b-080338d1143a,170,66,0.502
3acff02a-ef5f-5ab0-ad8d-7eb0613c46d8,170,115,0.502
228ec986-f9fe-5113-9aa6-207e4318121b,172,77,0.503
8d11c1dc-08bf-590e-aa9f-c007612db6fa,172,104,0.503
d8ac42fd-b1bb-5f5d-9d13-2b20153cf1b0,172,90,0.504
36a4a0af-a22e-571b-b0ef-c9f0bcf18840,172,62,0.504
88db2a72-6a3a-5e64-a292-61b9d5c310cf,173,70,0.505
323e5c3d-f68f-5134-bce8-df98c2354a44,173,199,0.505
e4ca4eba-4199-560c-9bbe-f48cc53f2e45,174,140,0.506
2e9d71a7-24eb-5c19-af3b-e0f9d596cd5e,174,364,0.506
b93d6c1a-dcd4-5379-b6c0-eaec9915991b,175,193,0.507
28319a4d-205a-5506-9d5f-3ab8b0474167,175,67,0.507
f9eb288a-6b9b-54cf-952b-665dcd6e5858,178,59,0.508
a11e381a-419e-5b0e-bbc9-ba2360169d5c,178,70,0.508
e10dd385-3956-54a5-bfec-2034f4b6728c,179,881,0.509
bd535103-9d10-53d9-bfc8-b48799f45d4e,180,193,0.509
92de1c47-2441-58d9-9ec9-8c7042ff105e,180,128,0.51
ec01736b-9569-5ef3-ae6c-b65f1549d472,181,569,0.51
17e79359-4e9e-5c39-bbcf-a732b5db015c,181,230,0.511
002289d5-6275-5699-8868-68f26499779d,181,1257,0.511
7bdeea36-c6a1-5eeb-b5ad-aa00bd9bb0e6,182,188,0.512
068c4f22-9f70-5ec0-b7ec-4021c4108120,183,1380,0.512
62e4cd86-f5b7-52cd-8876-7ac6b0331262,183,212,0.513
f5dec8c8-4d61-5041-a206-de95e4f1a800,184,268,0.513
0bee008a-bda1-599c-b1f6-b7203d7819c6,184,164,0.514
fabbd48d-d05a-5d33-8ef7-892a3c861beb,186,82,0.514
73c4114c-64d8-5b09-869a-bd0fa68de12a,186,195,0.515
0b46e32a-3995-51d0-b264-fd484e79448a,187,161,0.515
2f72706e-fb40-59f5-8afa-ad37ddcfd119,187,51,0.516
c76515a4-b8c6-56f2-a199-ca9fc2ccb1a2,188,243,0.516
6afc8edc-17b7-5f4e-9a96-cd4bdb5dcd1e,188,108,0.517
5ef0bf5b-418b-519d-be09-9b9e6780ca1d,188,163,0.517
90566654-d221-5ac1-8004-94981a3f4e81,188,260,0.518
bc71bfdd-c8dd-56fe-a0de-3702f5ba100f,190,108,0.518
0979b2c1-b2f4-591b-8b23-1110d1172b83,191,119,0.519
719910b5-2fc4-5878-b66c-34d68f6d86c8,191,177,0.519
d00920bb-a119-5063-81f8-87e54d7871ab,191,410,0.52
bc0cab54-9487-5b6a-a4ae-90fb3c44c9c9,191,122,0.52
cb416d2f-3f64-5e12-9ada-c7250f1ab67e,194,53,0.52
06645912-cf19-5c55-96ee-5f8185cda71b,194,458,0.521
eb661188-b2a7-52fe-8d6e-38d48137384e,196,361,0.521
4b1acabb-e45f-5af3-88ce-a71dde7d9e2c,196,139,0.522
41cdfd7b-f678-53b5-84ee-e9db4948e5d8,197,335,0.522
298f6dc1-daf2-54a0-8894-c8e3a11634d3,197,333,0.523
623c642d-8898-50b1-9690-ba05c50c4e9f,198,365,0.523
60ef12d2-b2ff-572f-9eef-3de6248b5e4f,199,290,0.524
0441c892-3013-5c46-b03d-3bed33ced3e5,199,95,0.524
58b1bdd8-ec15-59cb-b63e-9874165f42fa,200,623,0.525
ad607c4d-d949-508a-beaf-3b8bab3971a0,201,60,0.525
5f34e5f1-1d4c-5ca7-8ab5-c922b65dda96,201,258,0.526
fd1ef753-f484-512c-9dd6-02e0f6b2de37,201,67,0.526
5d8ddd9a-a9f3-5639-bd88-d9f2e0ebd747,202,100,0.527
b67234b7-e655-5b3d-96ef-66f8261d7029,202,801,0.527
59c39ab6-cb4f-56e0-b3ae-bc89557e0aee,202,86,0.528
6b0a86ba-e35d-5c1b-9b04-857d8c2dcc25,202,112,0.528
c0bc374b-3e50-5526-a9b5-59a69f90d546,203,68,0.529
fe70d197-42fc-5680-8439-3cee6225579d,204,98,0.529
fa617323-50ea-51e7-9c0e-3e5368e2c2b5,205,309,0.53
6861709c-f0ab-582f-a2a8-af2e8ebde64e,205,197,0.53
f4b7a828-5d8b-5ec4-b0c1-bbf658dbe0dd,206,404,0.531
e0545e57-bb8b-5557-bfb6-b865da051fd6,207,174,0.531
04f695e0-8cd3-564f-9c43-fa1b74132fed,207,372,0.532
b1d6928e-9210-5828-9325-c5747699c996,208,204,0.532
13154bbc-0273-5c9c-ae28-b47bea5b49d1,209,414,0.533
475d3329-04d2-5908-88f0-4828d3813d6f,210,35,0.533
62884172-7f0f-5a81-b7e1-a1a77ffa6825,210,186,0.534
050b9254-3a62-5310-b956-aecdc8502869,211,99,0.534
f98b76b0-2e6d-595b-84c5-f78ffdd9e8ff,213,307,0.535
72713c27-f314-5d09-8ef0-3425d181c618,213,559,0.535
ae9639b5-e99b-53c8-beff-267eccd4d4c3,213,343,0.536
ac2b8d47-2609-5868-a27c-d70e2ce3a7bb,214,3168,0.536
39382ed7-783e-5872-a9b2-52886ee33bd6,215,67,0.537
570dc9b3-3236-57a7-9e77-730668b48b65,216,96,0.537
97e2239a-99d7-5952-83aa-b3626d2db814,216,73,0.538
626374d5-64b7-5584-b096-f58bdf9edba5,217,94,0.538
ca029b66-031e-5466-9d53-363e6d162376,217,104,0.539
ecab99cd-09b3-513f-9c20-17aceaafd05f,217,54,0.539
e5d9ce3b-eb23-541c-a5bb-e6fdcecea313,218,111,0.54
71013aba-23cf-5b4f-b227-e7e21528a834,219,211,0.54
c08f0f8d-87d5-5e1a-9a8e-06797eb6e666,220,89,0.54
46f82dc2-27f0-5f64-86c0-8b98d94c1aec,220,242,0.541
03a67870-d5ef-57b6-9aab-57fdec28977b,221,72,0.541
4866e804-ad75-5934-b9a1-62c99902c0d3,221,136,0.542
7e7cba75-806a-505a-be24-6ce1877a7512,221,404,0.542
e73d1bb2-f131-540f-9e43-0396054420d3,221,73,0.543
63395bfa-61d4-5433-bb3e-7cc0176bfd0f,222,413,0.543
d32e8c9c-3172-522e-ae17-08c9e917bb93,222,992,0.544
6fa89bf0-10f2-5c23-8423-8b62a84aae2e,223,289,0.544
dad2089b-4cb7-5d75-991f-9a9753c301f1,223,367,0.545
0aec1e09-1c28-5662-882d-f78bf891c2c9,225,92,0.545
53100fa5-e1e2-5c28-9023-9157aa3c0960,226,61,0.546
33967d95-9f65-5ec9-95ff-65c50aec6ebf,228,710,0.546
d5136bf9-7fd4-5496-9e13-cef4e279dc4a,229,129,0.547
d22de9ec-c764-51c0-a9f0-15b65466191c,229,130,0.547
fa75d3e5-2992-5ced-9076-b51b99737bf9,230,88,0.548
2e4757d2-bbe1-5158-8594-158db4ed8a1a,231,515,0.548
c0f34e5b-2699-53a0-a7e4-42744080126f,231,237,0.549
9678c9aa-32b8-5730-b86c-eabaa08b7f27,231,114,0.549
ce1e0c62-3732-544d-bf66-e9039c649618,234,62,0.55
0ed57f37-fb02-5b4a-9246-d160b7cc08f8,235,559,0.55
c8d1b2bb-c855-5fff-a0eb-5eece1c13a99,237,123,0.551
43e4612b-d2c7-549c-9a7b-246ed2dbe672,237,86,0.551
f965f6ec-735a-54fa-b499-16e064fc0a05,238,132,0.552
621f0b7a-5f3c-52de-81fa-20628ac2ea48,239,423,0.552
bfb5d9ac-48bc-5fa1-8a0d-75b8b48cae58,240,132,0.553
08e38a35-7004-500f-a75a-f6843a9960a6,241,167,0.553
be8808bc-aaa2-5be7-85b9-d0e0e42b2cb2,242,430,0.554
46a45fe3-f736-5f36-865e-53cc1d5604f2,243,925,0.554
f160351a-ea4e-5c65-b3d4-6a216ebc1e9d,244,273,0.555
d0883d11-7a46-52df-b2ef-2e014d002ba0,244,102,0.555
b8a10df1-e9ce-5f70-8d77-3813bca1d213,245,442,0.556
9510b97b-e189-503c-bafe-ba44b14f840e,246,70,0.556
850cd993-3a0a-50b7-b947-908851f63e29,246,69,0.557
faa690a9-d12a-58ba-970f-a9a55e2a286b,247,258,0.557
3aaabbed-f874-51df-8961-24660b29adce,247,309,0.558
b19d7e55-9917-54a0-b5e5-a3f8b5eef3a2,248,391,0.558
bab20950-d1f7-59cb-9323-a0ab6cbd8f11,249,236,0.559
ad315ade-2671-5536-b446-a4181ee22df0,249,331,0.559
0223b83c-e7c3-51b1-97ed-ba48f517fcc1,250,1609,0.56
024abc37-13bd-5035-99c8-093fe850273f,252,85,0.56
0ba90b05-f0f9-54f5-8c06-a840ca1e063a,254,85,0.56
4746acb6-bb7e-5a0a-867f-2795eceb12c1,254,164,0.561
22e68420-75eb-5663-a146-1bcaff8460ce,255,194,0.561
2c25c45f-9953-52c7-a66a-c73bd0da98bf,256,246,0.562
26fbf5c8-1dd8-54ed-a29c-fed501dcc953,256,202,0.562
3f8afcf7-649f-5125-ac34-83960afc8d5d,256,317,0.563
e98e092f-237a-5875-a45e-ee84ff358dbc,257,238,0.563
c7a6300c-d6fc-56ba-a500-f4ddb1568a28,257,117,0.564
6ef14c66-d35a-50cb-bb84-aaebd820d046,258,303,0.564
cc32f276-9b49-5e94-b6bd-c362eb274c42,258,153,0.565
bafa8aa5-b9bc-5977-9931-e89242ccdb40,258,54,0.565
91de2a90-f6d1-5267-ad2b-50f388a62086,259,126,0.566
c9603d5d-894a-58aa-8c4b-95d25c696e7f,260,960,0.566
88a8c260-adde-5939-9076-88b0e984cec0,260,60,0.567
cdc35f2a-6a74-5e08-bb09-0671ed2cd1ad,260,150,0.567
5197d65a-753a-5af0-9831-fd66acc49f2d,261,151,0.568
180ae15d-1d3e-53e6-8b15-98a33fa146e5,261,112,0.568
7cfa9c75-cf16-5555-bbcd-71ede1554738,261,582,0.569
f2d915c0-26bb-58c2-a59b-e1c140789fc1,262,128,0.569
d8bd845c-9bf8-5fcf-bc77-517a46056c92,263,354,0.57
519be258-53a7-5d2d-a669-6ade07c91140,267,110,0.57
8ff554f2-5d52-50e8-a00c-ecda5446726d,267,197,0.571
75cc2973-62ce-5617-961f-f7aeac28889b,268,828,0.571
299a32a0-b858-5400-b1fa-f4e29060c0b0,268,100,0.572
06e5f0cd-c185-578d-8e6e-b3f10c59b5df,268,287,0.572
6be45db1-ed09-5236-b546-d7910b921977,270,260,0.573
af415ffa-2e6e-5eb5-bb71-4bd76d8af5ca,271,263,0.573
31914af1-ddbb-5064-88c7-ae8aa97f0859,272,121,0.574
7624aa73-8904-57f6-8284-6570e35a3619,273,135,0.574
12d3b94c-9e59-5e91-942a-1308641c9d93,274,433,0.575
4708ff3e-655d-5f6f-86cf-165a619fd8e8,274,1168,0.575
0d214c47-b5c2-5c62-9e68-2b645e2065cf,274,551,0.576
d30e0e8d-b23e-55a2-9425-d3883bf85b9e,275,170,0.576
6f3f0391-1491-5e9d-bb98-6d45775ae078,275,278,0.577
7485c9b8-8c46-5770-b0af-53ba5b10f05e,279,160,0.577
45aed6c0-6d82-5126-8f4c-d3df776f643b,279,278,0.578
6b022d10-5a3c-53f6-8921-3c9c56f13c74,279,115,0.578
ed71b606-2bce-5792-8047-585aee731c03,280,71,0.579
53f0de92-a6a1-5bf3-8262-f08bdbb97e3a,280,134,0.579
e94d39df-422c-5c48-9979-61b87a84189c,281,320,0.58
604c3c3f-a467-5b0e-8bab-186f5a64de5f,281,369,0.58
fd766376-f494-57e5-a987-a6bd9372ebf0,282,65,0.58
3541b24b-10dd-5344-b2aa-3fc645b81f6e,283,142,0.581
b9bbc092-6218-55e3-ba78-e033dfd7f183,283,232,0.581
79165f63-559b-5737-9f47-779b2a35bdbf,284,88,0.582
d96f324a-d0e4-59f0-8dd2-9635d586b4b8,284,710,0.582
657fdd0e-0133-5041-8e9c-160ebf4ad234,284,398,0.583
4b1ed7c2-d36e-534f-9b21-6ddcf4f61331,284,129,0.583
fe39816b-f857-5158-b753-8f24dce94724,284,163,0.584
dcb2b794-b682-578c-886d-817525ddef7e,285,206,0.584
6d5b5d55-2d4b-5a8a-865a-24cbe2d76289,287,56,0.585
e42a63b2-c913-5c69-bbf2-24fc7c3b3b9e,288,191,0.585
2d53dacd-795c-54e1-874d-8d4d6ba920c8,288,77,0.586
6931d06f-154e-550d-896f-f2c8cbde6b6c,288,92,0.586
6c4a9323-ed3e-552e-9bce-de5d7e119003,289,131,0.587
77de18f0-04cc-5a44-8ec0-3027d5615feb,289,78,0.587
1283b145-9ca3-5548-a6ea-03bb029c34e9,291,81,0.588
8ca6f51a-eea9-5c5d-bb66-96ba4fce3638,292,87,0.588
b0d75f7a-f9ad-54bb-8629-8bb737be94c3,292,200,0.589
d327954a-bab8-5493-a595-1dcd892a3ddd,293,117,0.589
a8d5d955-7790-58c1-88dd-d25ba158be51,293,590,0.59
c4be7fe1-a0ff-5f19-b749-1171997a1592,293,199,0.59
f9228734-cf04-54ef-b192-915139285c54,295,1608,0.591
602497d6-278e-5623-bb2b-4e26b497212d,295,429,0.591
1925a593-50e9-5b0c-acc7-790663653fe1,295,292,0.592
b4dc3b19-c8f2-57fc-bf51-ef435215ef5f,296,169,0.592
5cff8483-a85e-586b-9aa5-b38e6ecc6abc,296,100,0.593
185cf563-0411-54e5-9350-50f13cf0f818,297,665,0.593
02e3eab5-bbd7-5460-a8ee-a7fc8d92e1f6,297,741,0.594
614194a3-f645-5f7f-8933-a3ae8e2291b9,300,193,0.594
ee814445-054d-5d6f-b044-576d36be3208,301,558,0.595
09b917b1-50bc-5109-b992-65c2f3b6157e,301,101,0.595
10c80a70-9e44-5351-8f1e-6fdf1b24091b,302,209,0.596
45e13aef-207f-592a-84dc-4f286becee35,303,196,0.596
200b0e2b-bf53-558d-b75e-82d9bef0a9b1,305,169,0.597
d6c8f52b-355b-5627-ac3e-f04555df97fa,305,158,0.597
205befc5-1dd6-5a71-b2b6-eb703f4d2241,307,196,0.598
a6ed35aa-2100-5d8c-83ef-b4325c1ba666,307,193,0.598
6c70a410-4328-502c-8b05-53a39613d7b6,308,899,0.599
11234255-128a-5174-ba21-9cd7e50696cc,309,234,0.599
8957b984-3134-560a-8fd6-3269243523c5,310,156,0.6
027b9d21-3f1d-54d2-b002-592b23217c45,311,277,0.6
d0cc1291-159d-59b7-bd04-035bf0a745b3,311,228,0.6
60468feb-cdf9-5de1-937a-6d8d1ba95903,312,88,0.601
1f723963-04a4-50b1-bec9-21b647ec439a,312,244,0.601
a6d6af96-692d-5a74-948e-0a90da60d7ac,314,198,0.602
016de2e4-8adb-5eb1-9abd-b1878cf7d3df,315,159,0.602
247ea1f1-aa3a-5ed2-ae6c-191578f78ece,319,86,0.603
abd97e0d-997d-596d-918e-d8ef5ffe1228,320,278,0.603
487202ab-4e06-5fc3-bd2b-10f4c9ddcda1,320,450,0.604
812d6341-a1c7-5755-8c97-2333e5d2c87d,320,221,0.604
b88ce985-3b13-58c8-aadb-b321de503a1f,322,475,0.605
0a4f00d0-cfd9-54da-930e-49af7d50d5e2,322,141,0.605
d0792972-e692-501d-a99a-6741f2c5aea1,323,166,0.606
776cd13c-5406-562a-8bab-ac897b8ec360,325,113,0.606
7fb4ce3a-35e2-5b49-9866-edae5e0d6c60,326,473,0.607
2d29e927-e157-5e2c-99b5-1948dc491175,327,326,0.607
57541973-3758-5299-a016-277279abcf77,328,248,0.608
750f32e5-32d0-555b-aa58-aa4e794fce48,329,93,0.608
9c943907-2dbc-5ba8-9568-df5ba6301137,330,188,0.609
06068726-50af-5c80-a156-e98cb50f033b,332,209,0.609
e9dd3b25-f280-5068-836d-12a282eacf65,333,457,0.61
7646e294-9050-50f4-ba1f-ca9d3fff1ff5,333,102,0.61
8d38eb56-f0db-5e71-8acf-22ff59720480,333,122,0.611
6cb1ebe4-f86a-5fb2-8b2c-ae862d895069,334,206,0.611
4f1a9cd1-ca4f-5bfe-993c-c661791753d3,334,295,0.612
57974bdc-02b9-58f2-8875-b715ec1cc3c1,334,80,0.612
f910f7cd-751b-59d3-ae65-d51312991a63,336,85,0.613
2263e63d-90c2-58b7-8045-2a78fce9bfbb,339,280,0.613
b2046361-2e1e-5bfc-804a-6b9bbed1b5fb,339,236,0.614
2da9b36b-3bd5-5f6f-a132-64047a3690b4,340,151,0.614
ed78873a-5a9c-5fba-a0c0-1752fd78d72c,341,302,0.615
b18b8cf6-ce5f-52a2-8128-36dc673f64d1,341,191,0.615
0307ef89-ea37-5025-a8f8-e7bc02d95db0,341,169,0.616
81055150-f8cc-5c72-bd6d-0b175a8ad4ab,342,1017,0.616
14e82be6-f802-5254-94a3-4c6320846401,343,258,0.617
8a355a69-099c-54d3-bfc5-361ed9c80ae9,343,97,0.617
20ed3e31-c9a9-57c0-97d7-6a09227e0913,345,133,0.618
2a6db3e2-9b00-5c77-b73d-36ee9c65b88f,345,104,0.618
b048ca57-c6ef-5342-85a4-03fafa87797f,345,145,0.619
a31dd49a-2aee-5c14-9a8e-a3ec44e7767d,347,714,0.619
22eb95db-6eff-5469-ab5f-9dbed3933d09,348,357,0.62
4e900ca0-705d-5011-8bd1-81134e5c409b,349,228,0.62
386192a2-02cf-5a3a-a9d7-4a13823bb98f,349,1230,0.62
80ad0da9-7220-5d26-8138-d921666a91ad,351,1749,0.621
ce68c5a2-2f32-594a-9fae-d212708d2290,352,96,0.621
d1b85e78-c04f-5ba8-87a8-ed45eeff5b64,352,153,0.622
6647ea3d-af9c-5a0d-9583-745b01fe2e16,355,68,0.622
2a5423d4-299e-5efa-affe-71827c5b057d,355,108,0.623
09f27239-98e3-5192-bfe1-c539105f0523,357,135,0.623
0378567e-bdd7-54a0-a84a-f1f7166d7470,357,160,0.624
4f7c3ca7-202b-504b-aa9b-fbf7aad49b99,360,386,0.624
070957e2-aac7-5915-83b0-24749096141e,360,369,0.625
effff4d6-ccff-55eb-bb62-4b83210353ed,361,202,0.625
a75387a7-3c9f-5fc3-ac39-91fd7cc485da,362,154,0.626
aaa5801a-2f98-564a-8686-a207f39008ae,365,114,0.626
e50d98ec-632d-5f31-a70e-539eb072255c,367,247,0.627
2561dc16-a179-56ee-9ba6-ee3951354f25,368,219,0.627
e813ca5b-7226-54d3-9266-d8943456afaf,368,151,0.628
0ee4d74b-5e81-54fc-9711-ad7ac7366efd,369,148,0.628
8d013ec5-afd1-57ea-ad40-f15d58678910,370,475,0.629
985ec6cc-f24e-55af-ad5c-101fc64dfa7e,371,112,0.629
226ae589-9e16-5262-84e2-7e7fac5bfcd9,372,781,0.63
8fa035ea-6874-5329-879e-c132a14580a6,372,781,0.63
44499831-f987-5e3a-8126-9bcb4d570d7d,374,541,0.631
c935ec4d-90f2-5fb6-9e7e-f9fdf4d7c0c7,376,99,0.631
c3d0d4b8-c432-59cb-b1c6-ca2dad5a1490,379,1010,0.632
1450533f-cd0e-55de-a928-cd80372251fb,379,290,0.632
5d625eea-85f9-5c05-bf7f-770fa7f90355,382,87,0.633
ad2326da-f7cb-5cf2-abdd-99195902c28b,383,343,0.633
eda26901-5124-5fa9-b7e0-036c246d1a6f,383,290,0.634
0406c16b-5b12-5754-be65-809eeef13531,384,388,0.634
78ddefeb-4d17-51bc-ab84-0f688687a074,385,134,0.635
20e2b4b3-19a4-5cd2-9ca4-68372d723ee5,388,189,0.635
a4481673-77f1-5f47-a821-e093d41bef42,389,351,0.636
3df0f78f-b35f-5eb0-ad29-fb92ed1f0069,389,349,0.636
9f3210fc-7f56-5bf2-a009-7e9165019665,389,267,0.637
58034ddd-8c6c-5017-8a95-0f127995a59a,390,342,0.637
7da13cb0-a5c1-502d-8bf8-23e330def6a7,392,82,0.638
5cecc961-4ceb-5768-a11c-a843e58cf4c3,393,163,0.638
e6fa6443-5340-52bb-a985-5b075c3853de,394,177,0.639
e76fcbca-7949-501d-b4b1-8850deacbc7d,394,346,0.639
bf32db00-9c59-56bb-ba12-2ced80e0d5a9,394,180,0.64
631cdf50-2ee0-5888-b722-cecbd97e6c19,394,221,0.64
0afde95e-53d8-5291-b58d-e81dad167c89,397,183,0.64
3509dae0-4f8e-5502-9d6b-d80894de48de,399,322,0.641
22d32c99-363b-5205-8bbf-3d6942889cf3,401,121,0.641
0544f15d-a61a-5e60-86c9-6da30319a9f4,402,419,0.642
4e1f8035-95b8-533b-b6c6-83627bee86ad,404,34,0.642
f3de9746-54d0-57f5-8b6c-99bd4e69cc34,405,1446,0.643
b7501f1b-cd5c-53a0-937b-0ece42b4ed3e,406,171,0.643
3109e0fd-8865-51ed-a095-4cf94c4d0174,407,570,0.644
a1cc2932-537b-5aee-8b53-0edd146b68dd,407,364,0.644
0a422380-677d-5ff1-a88a-f61296a1d931,408,173,0.645
ad40a8ec-c7c5-548e-b2bd-efc880e917ed,409,598,0.645
ea25f1d3-ab55-5325-939c-a0849c8026e8,410,225,0.646
a01b3715-7fef-585a-92ac-44432e70784e,410,320,0.646
19cc6129-a2b6-5aed-b191-3bb5c2ef0ecd,411,245,0.647
0fcd40fc-d13c-5051-b3b9-8d0d2f702fac,412,241,0.647
49ebb422-7d78-55af-8bc7-de7952aff119,412,314,0.648
bf36d015-751c-55b0-a590-09b297bd6b63,412,237,0.648
970301b5-3023-52e4-aa59-24ad9f9b9937,413,168,0.649
8cc95fb5-10f5-5889-a0af-f820e04a8070,417,205,0.649
d4a7b6c4-8579-583e-b7da-50178bb848f5,418,192,0.65
2ab9ecd0-dcc5-513c-b63a-8ded0b345f8c,419,116,0.65
03fe6ae4-fa7e-501f-bec1-a4ab21229fbc,420,596,0.651
b0f42cdf-8a43-5f8a-804b-2b081fa811b6,422,405,0.651
a4f54501-7ec7-575e-9b19-3309885d1abb,427,64,0.652
48baae6b-5c1e-5aef-9261-8db04ab4c04b,427,1836,0.652
edea9a1b-2b9d-50b0-af2d-70d421fc472a,428,375,0.653
3993c007-7230-5fc9-a8e1-f8c01c7cb703,428,212,0.653
9367dc88-e52a-5ac1-a745-735f6a022f1c,429,180,0.654
c4e3c027-bfa6-5145-b9f0-132ae3c4d825,431,301,0.654
0d5ecd77-bc32-523b-bfa6-6b455f435b5a,432,65,0.655
a14a1e38-4e72-5ec6-a814-e561af0155e9,432,722,0.655
351b8d57-cc61-512b-abba-96a44cf26514,433,123,0.656
cc28ab75-2928-5d61-8352-cb0593fda683,437,182,0.656
bc63bfc4-5bfc-541d-bac0-d2f0ae2b3d65,437,196,0.657
e65f40a8-a8b4-522f-a9d4-5b3d1f9e4a83,439,115,0.657
7b70f83a-73dc-56c7-9636-749791965ce6,440,1041,0.658
242746ce-1b43-5b71-9c01-80f74c486a9d,440,227,0.658
b7c9db1a-d236-5f04-903b-338030afb98b,440,244,0.659
aed7d656-61b1-55a0-b1c3-aeb92af56c25,441,134,0.659
ded2ac85-0e06-5a1c-93b5-1c9397bde15e,443,2395,0.66
f8857e03-b346-5aea-9e6f-352ebf730254,443,246,0.66
aa8f4518-0958-5d45-afaa-2d3f6ae7beaa,444,322,0.66
46349b0a-39da-5eb5-9c5f-ac0459d33d11,445,209,0.661
1df6eddc-5184-574c-a37e-46dedd98ca79,445,293,0.661
5a7cd3b0-5db7-5947-8a5e-6c48d510925b,446,78,0.662
5481d0a7-8fdb-52c3-b059-010266d8981c,447,648,0.662
c2dd0c77-70f8-5815-82a3-67e7ba3ea78d,448,296,0.663
27d7d773-f8fe-54c5-9bf0-cdf197c4f43d,448,583,0.663
b4264425-5ecd-5b64-90a4-0b31834a8a4d,450,224,0.664
123fe26b-fc14-55a3-8464-978e5a0fa0d0,451,126,0.664
5b6a8a3f-d487-51d6-9a3b-905accf5eab7,452,817,0.665
555a49af-95ad-5f84-9a92-c28a9c30f8d6,453,492,0.665
6a18825a-bf16-52f3-86b9-a198ddae9741,455,370,0.666
d4a8f9c3-7286-5d12-8ded-e59b8375e297,458,250,0.666
63b09fc3-0f79-5c0c-83b4-70f7eb89b55b,459,224,0.667
5e204d36-9262-5a98-aa2b-d814ee9cd47d,460,266,0.667
84c80fd2-8332-528f-bf66-8ecea58837fd,461,155,0.668
23260a35-5cb0-5a12-a14e-567ec05fc8da,462,219,0.668
578b5842-8763-5356-8188-e3119e372d0a,462,156,0.669
f0b603b7-b718-584b-b0e3-851308f015f2,464,167,0.669
eff7798d-eae7-53a0-a845-758e3a9fad5e,464,202,0.67
0fa05326-d13a-50cc-9da7-985a5bf4b622,469,273,0.67
bb309c54-ba9e-5cfa-9995-24c07dc08e08,469,301,0.671
27843037-bc1c-5930-91de-b22ce00d0314,469,774,0.671
acf5fc28-b848-5455-9b0f-f8b37399247b,471,516,0.672
6cb248f1-afd7-5f9d-a270-6d56df8c8114,472,1098,0.672
7b4b511c-f613-5deb-8b81-deba7fa2a7ef,472,343,0.673
f8c01f04-0641-5f2c-8443-ca3c1a7f5a59,472,159,0.673
15983587-46ee-5ea6-99c5-6cc96f45870d,473,591,0.674
235ef469-831c-5a56-8afa-93b9159ccf70,473,2538,0.674
cab41e57-d91d-59a5-9b76-cbdd4c020e42,473,1295,0.675
6fe33be6-b154-5ca0-9936-1f3d3632d523,473,286,0.675
e4c219ba-4cd2-55a8-b403-75cfd3daa555,473,780,0.676
17244f40-030b-575d-bb3c-3bcd3f9f049b,473,329,0.676
6467005e-0e6b-5e24-94c4-33f970458635,473,291,0.677
59aa91ea-cfc1-5ce5-a4bd-578df75bbf20,474,286,0.677
bc697410-548e-58f7-9369-c7fd9ff883a1,475,442,0.678
34213b76-7a99-5e37-b42e-7d08f3588cd9,476,129,0.678
47918fea-0eed-566c-8a9d-352df23f5c80,476,386,0.679
2ee4d0fa-d825-59b9-be79-df239e22b0a8,477,189,0.679
591408f3-2252-565c-ab29-75f5c0a8644c,481,140,0.68
55e5384b-2426-5a7f-81ea-fa2198d201d6,481,261,0.68
ec8e0850-eb2a-5229-8fc8-d83fcc6db4ea,482,188,0.68
888b0888-694a-5b4b-a509-0c1947acb2d3,482,317,0.681
a5c0f4a5-8991-5217-8bae-c717980913d6,482,336,0.681
2147633e-bdb9-5066-8474-ec53edc2b64a,483,217,0.682
775658aa-2c3d-58d0-927d-6eb6a072e822,483,291,0.682
a47b3a0d-4765-5794-a35f-e3680adcfdb8,486,211,0.683
160d3a15-01d9-5da4-88c4-09245f2beb56,487,277,0.683
bc1957ba-90b8-5ab2-b69f-abba0c915f67,488,297,0.684
e5afa1d3-ec47-55bc-8731-f2c2692a8918,493,215,0.684
1d39f667-b83b-5a38-9514-d83c13c0fca2,494,805,0.685
670d6ec2-f78b-5a50-9817-3fffe980b660,494,483,0.685
165e1c78-f106-5113-bb32-bcdd380e7b2a,495,211,0.686
9b7d25a3-f8ad-5f26-bd53-6d2550245b5d,495,338,0.686
34f20ae2-8459-5510-8235-2906e35c8c9e,501,114,0.687
ab254471-06cd-5aac-b951-1c058c42444e,503,160,0.687
1e6c28cd-78f2-5332-a1df-333aebc84258,503,316,0.688
b30c8e39-47d4-5cd3-9369-71708fbbd53c,503,129,0.688
f880e105-ecd6-5585-bdd8-9dfac88ac362,505,290,0.689
51a42e8b-cb14-594a-9fec-c76a71e6a74f,506,611,0.689
c74ecdec-e95f-5815-a113-1162217d5e95,508,451,0.69
10a79e70-38f6-5a05-bc33-275f5be358c9,515,311,0.69
1168fee0-a3b0-5ea9-b9cb-b8f505fbecf8,517,169,0.691
581bd918-55d1-575d-b58c-d760cbafdbfd,520,451,0.691
966bbcbd-9903-59ab-b5a9-65dfc919b675,521,206,0.692
533eeb88-a5dd-523b-b582-ede970fd0a94,521,204,0.692
18bca660-3ae2-5f80-9d23-5b3fc59f61e1,522,318,0.693
eee3aac7-b3f8-5cc7-b234-3ad8f36574c1,523,246,0.693
72fbc94e-b872-5d13-bea3-810653d1a492,524,302,0.694
581ea100-0b03-5c9a-a350-eee26b6ddc05,527,217,0.694
d84328b0-b7a4-5a7d-8587-b1b618b65616,529,415,0.695
9e333dfb-48ba-5100-954c-4401020d2f20,531,676,0.695
eb4bac1f-3a95-5915-bd43-c71f88a3be80,535,443,0.696
3162f013-ea5e-5b4a-803b-166fd44687c9,536,270,0.696
761512ef-00cc-5d0c-b932-878f96a6f1e0,537,219,0.697
cd7b5bfc-0b42-576f-887f-ef91a3d63cc3,537,1110,0.697
f8e82be2-68b9-5098-9b62-df24f53a2730,540,286,0.698
2f17b449-9676-5566-b9e4-7f9c14974b88,542,333,0.698
e72c29f3-39a5-5be3-9359-4c2939d11fc1,543,139,0.699
f900d649-db2b-5579-abeb-58dae42a9735,543,404,0.699
fc239821-6211-5526-96b3-35e2edf5193e,549,902,0.7
6ca5bd96-0202-5900-a251-3d8f3b86dfa5,550,933,0.7
e898d8f6-a29b-5204-aef3-acabc05fee4e,550,175,0.7
04b1d5aa-da42-56b0-8c7c-51d9ff5177b2,550,506,0.701
b34b12e8-0d3f-5b7d-b10d-8c8aff540962,550,454,0.701
951d6a83-bdf6-5b7a-841b-d36135b35344,552,462,0.702
0bbd9c0f-0b95-5434-8f4d-3a06e1d4ddbd,554,210,0.702
ff90a64b-6c01-5dac-98ef-481dad04cef6,555,156,0.703
31826504-c4d8-55df-9972-c9c70bc3d12e,556,260,0.703
723bc3ce-ff8d-5367-b54f-c37a1c5a76bc,557,270,0.704
7424d53f-472a-51e2-81ac-13a03d26612f,559,678,0.704
9bf91b7c-8869-5a23-8250-98dcbb95ed08,560,149,0.705
3701f175-a26d-5f1d-b606-a3fff9a1f58d,560,530,0.705
1ce07f1b-063a-5fbd-928d-51fe9d6e09aa,561,412,0.706
bb7da3ea-29f2-50b6-be0e-6d1a7c7978bd,561,453,0.706
8e3842ed-f817-5278-ae27-22410c037586,564,383,0.707
e9dd55a9-9342-5a6e-8eda-6aa1041672f0,565,377,0.707
2dbde359-e2e7-549b-98e8-74fbdd403e3e,566,542,0.708
3f42b151-29c8-5ec0-a4e5-ec5c5ec7802b,569,641,0.708
abe0897a-ccba-56f5-943d-4a2cf97473e2,572,537,0.709
4f20a810-ca9a-5683-9145-3c9752be0eae,580,938,0.709
6bc309f7-7669-5f8d-bee8-bbcc5915228a,582,562,0.71
1ab7dda3-5c4a-54c2-a044-86424c7f55bb,583,1429,0.71
ad4c8f6b-8f22-5775-bc0b-7335b3695722,585,405,0.711
ff9e843f-e360-5d02-84b0-f58c21a02656,586,139,0.711
df45aa51-74ba-52f4-8702-c14be7e7665f,586,211,0.712
971b80bc-4be9-57ac-8265-e6fd6b853caf,587,240,0.712
e193e935-286f-54e1-bbf6-30eedb6b2716,587,201,0.713
ff68b268-955c-5809-8925-f204450dddc4,594,1658,0.713
4ebf1e62-8264-5918-a95b-77c4f97a60f6,598,245,0.714
004c3e3e-8c0b-52f1-bca9-c62c89d1a85e,598,441,0.714
3e541b57-d113-58dc-95e0-c6f5d572a1b0,601,214,0.715
9d883655-6b7a-5efd-a19c-763fb876b5f7,603,265,0.715
19d33451-8b98-5ba0-bae5-4ab74e7ef36c,604,176,0.716
5f7ace99-02e8-5f0e-91f1-aac1ca6d9226,605,292,0.716
d26b8206-69e3-5386-a9c8-309bed876ace,605,350,0.717
dfbd5576-fa46-566d-b3d7-5bcedc6f4dea,605,198,0.717
9f58ed4c-73d8-5e89-afae-842ad1a05175,606,508,0.718
1357417d-90fd-54d7-8229-9ae440ff33f0,608,92,0.718
309ff9c7-c088-5242-b86c-f0a6f4aee394,609,115,0.719
8daca36f-8967-5351-a402-1767268a5a8b,611,183,0.719
901b4671-2744-5603-ae89-4f33424c04d8,612,379,0.72
4128f1d6-ff9f-5a92-b9ab-27bfc6db72ab,614,445,0.72
410196ac-fcd9-569c-b422-b2daa6a87bbc,614,287,0.72
3d5eafc6-9f48-5e97-811d-859c3e048a8e,616,1565,0.721
85a684f9-bf20-5248-bfee-b7f28a91019a,616,268,0.721
8ec7267b-c116-5b69-ad99-5bb66b0349a2,617,164,0.722
5e222e6a-dc4b-527d-a57d-261802425ea3,621,755,0.722
98893088-d6dc-5516-85e5-c3bb6e1d5a00,622,301,0.723
9bdc48e1-c551-5b70-87b5-f584f962794c,627,371,0.723
55800430-9a36-5c06-b5e6-3e034b3bbffc,628,247,0.724
93e9a791-8e77-5f49-858f-faee2d2fcd33,630,1340,0.724
7e2208d5-75ce-5600-b1f4-6e0dc1f264e5,635,181,0.725
0a8baa58-e7ef-5321-a1dd-b4a758cd50ba,639,1188,0.725
750fc111-d310-5955-b6f4-ee90635a4f6f,640,611,0.726
ff9d5d64-2919-57a5-bb43-89c10df4a21c,641,663,0.726
b61252d8-81a5-5141-97b1-e967efdc2aae,644,270,0.727
70ec2651-4a90-5f06-bc89-4470eee6f85d,644,354,0.727
5774c175-a109-5b38-be28-ffdd44abfa75,645,574,0.728
0428d52c-7a16-54b3-bf4c-d95607117784,647,533,0.728
b97a0693-936f-5206-ab21-d6b38c4a6d71,651,375,0.729
eb9aabfd-5aa6-567c-a2b4-1ec4936816a2,651,615,0.729
e6368ef2-4838-578a-9418-13e98325cbd0,652,222,0.73
9ea7bacf-a2c5-54c2-b86a-023e452b7282,654,153,0.73
330d0e7e-be52-54a9-886a-56ca472906a9,655,226,0.731
56fbe5b1-1a0d-5292-b297-5651539bac23,656,270,0.731
ad406c91-f527-5dc3-bda5-2185a5ac81be,661,82,0.732
783f7822-7656-5f94-855a-ce731297d713,663,414,0.732
f6f208ef-0eed-5edd-bc3b-4da5f828632a,663,220,0.733
9b32a3d0-c790-55a5-935b-df452241a79c,664,435,0.733
0a0300b7-e802-5854-b1e6-f0d32ea0dcd5,669,348,0.734
1c9a81fb-9f7a-5889-80c8-c50ceee73a0e,672,313,0.734
6b416294-069d-560a-95b7-cc65e628576d,672,405,0.735
e7d74408-bc0a-54ef-be3c-24bc5f585fd1,678,633,0.735
f23e3565-1441-59bd-88bf-724998f399fa,680,212,0.736
faaac179-fd9a-58d3-b1b1-68d3e31db349,680,306,0.736
5e2bc968-40fd-59c5-9959-1392510794d0,681,204,0.737
5ebe06ab-1ebe-534e-8b0e-b1ed4447ee2d,684,253,0.737
a81b0fe3-476c-5bd8-bc55-5ec620403624,684,348,0.738
410ad4db-9c40-5b5f-9114-62bc5faad63f,689,409,0.738
43a41b10-3ddd-5b84-b85e-e8c268c71823,693,287,0.739
d3397a94-f766-5b65-bca5-d90abcc133a5,694,1771,0.739
ee70d6dc-ccd6-5d7a-92a5-a9157f3d6928,697,464,0.74
d7dfb42d-979f-56a2-9053-5fb731c473c9,698,371,0.74
c57d6d69-b7d1-5374-8b95-c96b4d6025b4,699,271,0.74
fdd37a87-1bd6-5d7e-8d0d-85e8ccce5cdf,699,295,0.741
d4b15075-bbcc-5b82-92fe-f45302c8b59b,700,448,0.741
b9cff37b-dc27-5469-8020-b220a2a77f88,702,251,0.742
b4e8761a-1369-5795-8d6c-cc2d330c232a,704,283,0.742
e6d98666-f338-5aa3-a87e-869556fed21d,708,1289,0.743
3ed84a20-74f0-5600-9edf-0d9bfdd5cbfa,709,447,0.743
6db8d330-ac98-5aa2-afdd-d31d31e79a3a,709,545,0.744
4805b958-ccc0-511e-b4b1-95951ee7a098,710,231,0.744
a868e89d-5424-537b-9a74-386e86c24bf6,712,333,0.745
c77c2098-67bf-590b-a33f-21c241dd2868,717,126,0.745
ae796853-4277-535f-95a2-0e148bd5f92f,720,201,0.746
b11772c0-fd85-54d1-a8c8-ead05e3e76ac,727,713,0.746
1bc5f01f-cb8f-5775-86a5-8ed3ea9f486b,728,392,0.747
a01eaf90-c66d-5ac6-abbc-db5b723466e3,728,279,0.747
a012783d-d5bc-5e1a-b252-5661c7b69068,733,376,0.748
7403d192-26b9-5cfc-af65-e7e8526ea203,734,375,0.748
88e5189b-061d-55c8-8c81-bb3905016bbb,736,523,0.749
f7bd17ad-6e36-58c3-a5b0-8ab8d7b9f56b,738,369,0.749
1999c69c-1df2-59c9-9596-eafd9f315f7a,740,315,0.75
bdb9d733-fc5e-5800-8a9c-b161749c1ea8,742,263,0.75
f716faf8-41a2-537f-8068-44d4c1a73e5c,742,440,0.751
812c0887-203a-5aa6-a656-e03122b3042a,742,463,0.751
64a8cad2-7c5b-5d7a-8fbe-180c6aa2cacc,743,622,0.752
b1cdec8c-7c11-5ee8-9439-b569b6552806,745,582,0.752
012765c2-4fda-56cd-be05-2ad32af38c20,745,267,0.753
bbe71770-a5f2-552f-9857-da713f8f3a77,753,2040,0.753
885996ea-bf6b-5ec4-926e-e5a87c4af28d,754,264,0.754
ad3a81a5-a010-5f0e-9620-9c20cafb73d3,754,313,0.754
f53f779b-18dd-5ecc-910d-34d00e613a42,760,464,0.755
f9cc1f98-0148-58e8-bdd3-aae128b043f1,762,584,0.755
545ba468-d491-5fa7-8a38-a05608b3f31c,764,260,0.756
ba0fa803-da31-5c2f-9ad7-a5fdfa61c120,776,390,0.756
d99331a7-3ee9-5e6b-b942-e9cd9559ec66,779,386,0.757
435199cd-92a9-5d48-815d-7d247b641652,780,210,0.757
564e38ee-156b-5746-9883-ef18b9fd3bfd,782,264,0.758
7b512dd7-91c7-5eab-88ae-9e142fc0b604,784,709,0.758
9f7d3bd2-b239-50a6-a9d0-079b2781da01,785,750,0.759
685a3937-afbd-5792-84e9-f837dc3dae56,786,264,0.759
9b21fc5f-33fb-55e7-8456-d001725db486,787,340,0.76
2c677db5-1f71-549c-babc-2bd72af734b4,789,1158,0.76
603b1e55-c17a-5951-8949-4634181800c2,790,215,0.76
e3c4c557-3fb3-56c9-875b-0542992cdd07,796,258,0.761
c6846940-43a5-5bb8-bcd0-9510a29d9353,799,634,0.761
ad750d64-d196-5dfa-a6e5-28718be676e1,801,518,0.762
da8bac07-9e52-540a-8a7c-16d427893878,801,255,0.762
15ba7177-bc40-5079-bb71-2a81417a18e9,805,417,0.763
d83f2d06-6880-5551-8d7b-b7cee9f290fb,809,497,0.763
2771f877-a4cd-5617-b861-1a881995f22f,810,963,0.764
8b2b220d-2490-550b-ab9a-283ca6881011,810,432,0.764
cf5837f9-844a-5915-baab-b7ada7134343,811,307,0.765
db71877e-f25d-5358-a5ee-252eacd157fb,812,405,0.765
c0294f32-bfc3-58d8-8a93-eab67cae0570,814,1647,0.766
93d7a62b-eb98-5b0f-bfd1-d4137b9942ea,816,255,0.766
9b2d685c-3908-56be-a54e-e493fff9f889,818,325,0.767
e34db6b5-73bc-5cba-9785-cfa80bd5fd14,819,422,0.767
e654ad43-3c35-518d-83e2-73681dabef95,820,274,0.768
b5cdb3b3-703a-5ba4-9ce1-3929f29de385,821,405,0.768
207eb0c6-9208-5569-a777-945011282972,825,493,0.769
4f32243b-d286-5236-b224-7cb419a1d29b,828,238,0.769
1b49b971-a4c8-5255-8ddd-65a13444e226,831,940,0.77
4213600d-9f22-5105-a500-7ad050c9a76b,831,1246,0.77
599c190e-ec6b-579b-86cb-d6f21e0dbee3,833,373,0.771
0105a61f-3e07-55fe-9c6f-2ffa545ffd0d,838,754,0.771
412cb4a8-f065-5aad-8335-0921b88c9b4e,842,309,0.772
ee8eaa6e-5945-5b59-96e6-00cf21fe8961,845,865,0.772
e38aaa57-b38d-5803-bfcc-7e9957997033,846,562,0.773
81036e65-af09-5bd8-9d94-f7bd35bce05d,848,248,0.773
2aef2d11-6dde-5edb-af82-2e422aac7001,849,288,0.774
eeba8bbb-3c2a-5c67-b847-e5a93ab3c027,851,320,0.774
62fbf709-d119-5991-9f8f-ae1cc913f2e4,853,269,0.775
e9409c5e-2f93-5e86-a988-eb861d4f88d9,862,597,0.775
b64ed2bd-a497-5be1-9411-57cdfeee78b1,868,1768,0.776
5f8f2bc6-ba4e-5f04-a49a-a8caef78504c,869,240,0.776
247b3339-03b3-59b6-871a-d7453d033b96,870,932,0.777
a2ab91b9-0059-51c7-9b12-27e53de048f3,871,934,0.777
89dc9ee7-bc38-5efd-9e6f-600756c1339c,879,2006,0.778
181ee074-3728-5728-9cfa-e36bc0608cd2,879,460,0.778
6eec82e3-09ab-5681-bc85-174e6c830f1a,881,295,0.779
ebbab83f-7548-5e9f-b1ab-04d7a479545a,882,506,0.779
f9a2d0f4-768f-5495-ae47-6f4fbafd61e0,886,227,0.78
1f90bb81-68f2-5b42-9c8b-62d7c8cb1eb1,892,313,0.78
3775ff4c-bee1-5cac-99e9-ada8088de092,894,573,0.78
314c2f63-4f2d-5d99-8e05-6c193989f2e3,894,179,0.781
d4c2ba12-675c-5603-beff-429722fdf78e,895,572,0.781
a9688443-1271-5e76-968f-6321bb6bf4ea,896,281,0.782
04eb21fa-3e34-51a2-ad29-504f260c69cc,898,343,0.782
8b3add66-b036-501f-a1d9-bf756c26cd41,899,1446,0.783
3b5c7424-d8ec-5e14-83ac-a8b8874be511,900,408,0.783
b9de6c97-2bbc-5378-bd31-804fd9c5bbe6,901,572,0.784
5a036227-d8e0-55fe-ba45-371abd1fe315,902,894,0.784
16a8ee06-8118-557b-bfe6-ae5b8302a7ed,908,399,0.785
38f4a869-617b-55e1-a60a-4ca25db78c39,909,304,0.785
7662e951-1cc5-55d3-a4e3-7553df7c4a76,911,283,0.786
b8e0317c-97a0-5010-8300-1e64b4ef6366,912,585,0.786
b1cad54f-9a21-5886-88b6-c5c76e80d42c,915,3706,0.787
8948ef70-45be-5429-a400-6235083abc6f,917,910,0.787
c6a56d46-7290-52f4-9382-a2e20e42a836,921,438,0.788
6fc91101-c6ce-5dce-a903-24bfd35c5ef1,922,1124,0.788
3816444a-db58-522f-9cd7-e1aa8bfc7380,924,308,0.789
c2b60dc9-5831-5ce8-8eb1-3e6cb5347842,926,557,0.789
f072dd3c-3671-57e9-961c-b961f6b509d4,930,550,0.79
6d14bf36-c396-5076-a283-48056deaac50,931,350,0.79
8384d114-195c-56d4-9843-8dda31d71ca5,934,272,0.791
ab0952ec-4930-53e3-88e0-ed62e047f704,942,198,0.791
c905b5a3-c954-519e-8ba0-b89515d96758,946,287,0.792
9e7e6427-ccc0-5212-abfa-5094c0117c24,948,503,0.792
d9f770a5-8c96-5489-82aa-165dc0135905,949,467,0.793
358220ba-1811-5f27-ad67-98dea620ed5c,952,1184,0.793
3c72927b-51aa-5415-9de7-e8b7fd7895bc,954,783,0.794
13c9b9e3-5e4b-528d-873a-b4434ca1d339,955,656,0.794
f2c67b91-a528-557e-a2a2-6526135b3e8b,965,488,0.795
cf4f80e1-9e43-5569-a403-816997e64f30,965,565,0.795
f48903d9-a6a1-5a7e-9e0d-575a65ce4e9d,968,468,0.796
36dad5c5-2eed-5b21-9394-1bbc8eaf7c82,969,1132,0.796
9958a76d-e823-5e16-87ae-f216fba50b7c,970,390,0.797
40d0d1cd-605a-5ae3-9814-3f8e205de2b5,973,678,0.797
1a78712b-51e9-5bc7-b481-ba4e7ab6a035,976,1289,0.798
45c792d9-63bd-5126-bf3e-8779e85050c6,978,1481,0.798
bf405cfb-b5c9-5aa9-aad9-270a66f37f77,979,469,0.799
8f1e4972-5658-55d9-8e66-35525681de6a,985,298,0.799
76c8aa73-0edd-5de3-bee3-3cdf356e85fc,988,1125,0.8
f872f751-2e20-59ff-9d50-44b5ab5ce31b,994,322,0.8
e101319d-10e6-5d97-b771-099727d4333c,996,537,0.8
767b51f9-db61-59e0-b5dc-64c59b239181,997,669,0.801
e18ee8f2-3959-587e-8a01-e5ad0ea31db0,997,561,0.801
9dd1af60-71f6-5ac6-a8a5-0e36a94a6985,997,259,0.802
5a1a735d-3e84-54c7-b79b-222160404589,999,2885,0.802
d327406a-249e-5f5a-85ea-b04568fa5d2f,1000,283,0.803
32e1ed68-4527-57fb-913f-5c19f6a4757e,1001,3177,0.803
3bccbba7-4f3f-5b9f-aafc-4b76ed95d702,1005,363,0.804
02b75cde-a03c-5bc7-b4d5-1beacea0b74b,1006,300,0.804
aa377a0e-41ba-5e34-afec-b4a8e7c42c00,1012,242,0.805
8094338a-5dcf-5be2-afe1-6af9c21079dd,1014,611,0.805
2c0425f6-0c12-5074-8d47-a34e51bcd5e4,1014,597,0.806
78d9baac-4cbf-5121-aae9-e11bf0fd6b96,1015,191,0.806
9da606c0-00bd-502b-8738-34e367fa5d19,1015,731,0.807
ff8f623e-3b00-5563-8f1c-423abc23f620,1017,470,0.807
ab23d3b4-e50d-5971-ba4b-2da6a20f55fb,1019,1214,0.808
664c139c-a735-5258-8319-556768f81093,1020,550,0.808
58fb5a8c-3100-53ea-841c-15e64124915f,1021,362,0.809
335a466a-8a57-5c86-8702-04e038ebff94,1021,527,0.809
d53ec9ce-ee2c-52bd-9ac9-8610ba2e3bc2,1025,228,0.81
160b315f-1f8a-5708-b251-071f20d8a2eb,1036,285,0.81
1e5190ba-1b2c-5026-b996-ce47451059e6,1042,287,0.811
ee7ff583-3076-5170-8f6a-15a304bdc24f,1042,341,0.811
d64711ce-6623-5fac-bd8e-9cd52b71289c,1045,600,0.812
b1af5d88-f2d1-5f20-bafd-e4f4df71f9fe,1046,414,0.812
eec24b3b-4526-500a-8601-2298426b4d26,1050,422,0.813
7c274a06-5c21-5751-83f5-8d0a25eb0fab,1058,1313,0.813
499a96a0-16ea-58a3-b01a-19df1ab2c700,1066,344,0.814
57f895e6-42e0-5f3e-a1f4-ba4f1f283713,1068,232,0.814
ab5c8be0-d3fa-5e36-946f-64e173e7ece5,1080,274,0.815
c97041d7-0db8-5787-9ad4-3f800a5d89d3,1084,265,0.815
43335916-e315-5c99-a44e-4adc2e06dcea,1084,1021,0.816
9e3eccb9-4a4e-59d4-89d4-82ada14269b0,1093,610,0.816
013a7bf8-137d-5746-8ce0-13a2cd62ecf5,1093,319,0.817
7ddb6fa1-9605-5619-ba75-3ecf7f33365a,1096,496,0.817
f54faa50-bae7-5d33-8361-74cfada7c4fc,1098,443,0.818
b4fa635c-c1d5-5dbc-9b2c-9c0787178ff0,1103,365,0.818
aa56e886-cef6-5509-ac85-a34ab18ac086,1103,387,0.819
06fe0913-d3ee-541e-b6c0-3aa0a47ebe10,1105,335,0.819
883c2ddf-bc8f-5479-918f-f41fbef2288a,1106,491,0.82
cfe67581-4f2d-50fe-b7a3-7bc2a4d0fa7e,1110,533,0.82
cb09b27a-3566-5f11-bd77-436778430ee5,1110,681,0.82
be7eb4aa-0b84-5bb1-9d36-109a0009e146,1115,420,0.821
b7e0dc44-9e34-504b-9fb7-0e7503024e4b,1116,270,0.821
93ec04a0-b53b-535d-a475-52a206b99427,1117,504,0.822
513427c2-f4e9-57f9-97cc-e26d5b6869ae,1125,2550,0.822
7a814ea1-d9b8-5747-ab15-170f7912d4a4,1125,2550,0.823
f8361b7a-6c8a-527f-a3e0-8658a84c979b,1131,378,0.823
72aae12a-dded-5e8a-81e3-ef3f6f0c577b,1135,381,0.824
64206fdf-8d70-53d9-80bb-18f4b61bc909,1154,486,0.824
c662f739-a34a-539b-996f-75c228e6d1ca,1157,836,0.825
2fc9f35c-bb68-57af-950a-dbb259a1d519,1159,492,0.825
39ecbe95-9a90-5bfc-85e3-2cb903161b82,1163,1775,0.826
2dad4d47-35ff-5ee6-af4c-4ca41650fd1c,1164,324,0.826
43221fc3-ec08-55ab-a935-bef902e933b1,1168,380,0.827
a31d0d37-9dae-565d-8430-462e0962c79d,1174,1123,0.827
4b5438f0-4d0b-5969-a587-c4f31c84b98f,1185,386,0.828
7e9028b8-993d-5614-80fb-88fcef30fa09,1189,354,0.828
6abf7170-8cd8-5915-b2c6-f9b46b25ac27,1194,732,0.829
120d9c1b-131d-5bf1-a045-41ed7e35ed49,1206,524,0.829
3de229ac-58ff-5ce4-9d47-3f5fef0142b1,1212,1570,0.83
c4eb6fd7-1fb3-5767-ba5c-9d77c0a82f9f,1216,1018,0.83
6eaa1023-7847-58e3-8878-e07d910c78f1,1219,938,0.831
9fd60cf6-90da-5c32-aab7-5fcbcfb08b60,1219,938,0.831
3b7fdc9e-a2a5-5d0d-b21c-391aa022c093,1220,429,0.832
797d8332-8d89-508f-9254-531ea0f41969,1221,1055,0.832
36aa3d72-315a-5e51-80b1-bc6792407b01,1226,410,0.833
2ce2c211-dec9-5789-98f9-7135ab5b2d1c,1230,499,0.833
008edb39-8198-543a-9c56-41a1abe24b49,1233,313,0.834
122cd7a7-eed4-5102-a560-89d1ba307155,1239,346,0.834
a7735ffb-8136-5d0d-8c2a-131d755fc07d,1243,334,0.835
f1351276-d402-5adb-8785-c69387715223,1249,261,0.835
55f2bc37-3bfc-5ec2-8044-b6bf68b8d060,1252,285,0.836
98fae9c4-29d5-545c-99fe-5395f6570ed0,1254,1339,0.836
be0c0bc3-6f18-5050-bfb1-9cb28698b818,1260,519,0.837
2f01ca5a-8db6-533f-b785-1965ed45e3f3,1261,737,0.837
d0ba0541-cf1b-507f-b077-4599cc235bdf,1266,1242,0.838
b0297f6f-8c17-5e95-b905-e1f1ae2c4239,1270,335,0.838
3eacee49-b3fd-5933-ae49-b119cbf0f69a,1283,616,0.839
2f3e1c65-58eb-584f-8f11-5bca615c325a,1289,225,0.839
6680d1ef-d874-5ea2-a2c3-fa29ad6776e4,1295,404,0.84
2c494b4a-5b66-5ded-989b-1095a3efd2da,1299,544,0.84
c31b771f-260a-55f5-ab99-ebf8b7664848,1301,603,0.84
724b9430-b496-5152-a8da-5ae1a39b8ec0,1302,525,0.841
fb43f2a0-0927-5c34-afa8-cf0f2793bfa3,1305,386,0.841
da5c7c65-5c7a-5e54-bef1-612e85b57c53,1307,450,0.842
fcf7db8b-542c-5a35-b948-384d0f9842a2,1317,929,0.842
9d6eb565-527e-51ea-bcd8-125460e93876,1317,695,0.843
475f1598-9504-5a1e-aa50-a2621fa9a59c,1320,622,0.843
c254d168-e69f-5668-b7cd-82a8605c982c,1322,837,0.844
c718080f-ae15-55b5-bc34-2de42875f756,1323,610,0.844
ad9177a7-5e92-5a83-bfef-fd4ccb0785f6,1339,779,0.845
f2a82bae-4e45-5f62-a83b-da8f8f2f080e,1346,751,0.845
1093a956-b5c1-585b-acd1-ce42a28485fc,1352,703,0.846
9625af06-8ef8-5b35-89f4-e7fbedef52b5,1352,484,0.846
d4745251-7991-55b4-89ce-5c86dbf94a91,1357,489,0.847
d41161bc-9f2e-572e-8eeb-aad0863d9e0a,1364,649,0.847
8f99eb16-4bde-5ee3-ae43-69f82784dc72,1370,1043,0.848
2dcada66-f59e-53e4-b027-8ccf324821f3,1374,666,0.848
08dd7e60-20cf-5031-bf9b-31900cf74293,1382,404,0.849
b6661da9-65ac-508b-a76f-aa40c63ef2aa,1385,1090,0.849
d3b5ab8b-b870-5363-97bf-f5a7a6bd5669,1387,595,0.85
369fe324-158b-5eed-9977-dc4725856cd5,1393,297,0.85
24f2a927-1ed2-5f0b-b049-7ad138231806,1415,413,0.851
28413b20-9626-5fb0-802b-d6a074cee261,1425,921,0.851
a7280c5f-3a20-5705-9c74-627f795e76c5,1426,760,0.852
68f2c2cd-2a07-5a21-8407-db32744dfc52,1433,628,0.852
539f9806-6e3f-5d80-96a2-6ec7b33d7be2,1456,1547,0.853
6475838d-81a4-59bb-895e-0942d7e91223,1461,426,0.853
77ffa880-f8f8-53c5-87f7-f7fa00c6c5d6,1465,930,0.854
95076f4c-1962-5a82-a53c-d6cf28c44968,1473,436,0.854
96077171-b4b2-542c-9f33-09db97a10742,1477,661,0.855
d4f30c9d-dbf6-5ba3-81cf-0a22265c5050,1489,1253,0.855
d9c86483-a327-578b-8b41-c530e7781dd8,1490,833,0.856
a38d99d0-29ca-55b0-9b0a-983904a47640,1496,946,0.856
cca9664f-8a3c-5b81-91ce-8c0be74c06e8,1511,584,0.857
fb65bbec-a172-5731-9490-67973a22e3e4,1516,1092,0.857
e654eec3-e925-5a0f-a916-ea48309bc6b4,1527,420,0.858
f4fc7dc1-0a0b-53fc-8f60-f6c8534a3c32,1530,422,0.858
e803c466-30df-5a53-b905-f81f8a4eabdf,1540,531,0.859
9c8cebd1-6c5c-5447-85a2-bfb32eeaf519,1549,961,0.859
4fde933d-5e16-5c7b-b569-c5f4a7591568,1550,690,0.86
8cf6dda9-7dd8-576c-9200-3af52223305b,1551,705,0.86
0722bb30-73de-5538-a37b-2ffd522bcd67,1551,499,0.86
da01a5b9-89a2-5c05-be91-9bb071581c03,1555,939,0.861
547f8cca-5271-5e5e-8c77-4ba999e29093,1559,348,0.861
7bf38740-9b0d-57df-aa2f-ae27f87f41f9,1566,1517,0.862
d414b24f-968d-50b9-8bd3-946f5a66a8d2,1566,448,0.862
4293a93e-7ae5-53ca-87b0-9708e3f0734c,1582,628,0.863
673e702b-c77d-5615-be43-28e69dca3427,1582,326,0.863
b489c8f8-d6c9-5ae4-9eb5-6967ff0cd71d,1588,443,0.864
0d90b728-b5d5-50b4-8f02-8094ea190572,1600,849,0.864
ab6d6f37-1d5c-528b-9b73-5ce272b7000d,1602,1916,0.865
a5ebe5af-48bd-5d13-a639-5fc86b40714d,1602,1106,0.865
5d85cfe6-0fe9-5cf1-8eac-c69b1d729371,1605,633,0.866
f0884e38-9749-5071-960e-4b5e94b558bc,1606,1198,0.866
a18c4684-fde2-517c-8ed3-9ddad910022e,1620,530,0.867
4cf419fa-0edb-5696-aa4e-fbe89d5573b3,1633,626,0.867
01bff37f-4011-5dec-89ce-1957da75d80a,1654,915,0.868
affef53c-7190-5770-bbb7-74179d77ec41,1657,624,0.868
8b8815a2-3d13-5dbd-9ac3-14bf25809e54,1662,659,0.869
9e552559-cf15-5c75-81f3-d55933c2684e,1682,370,0.869
f0dba741-4596-5e7c-81ef-3d072b36db08,1686,1194,0.87
8654c87b-06ae-5ae3-9252-4afd79643c63,1686,817,0.87
6f10f813-6a30-56b3-b8f2-962690923da6,1703,568,0.871
286245f8-9d22-5a30-87e7-27a9fe9418b0,1708,990,0.871
b302cdd2-c778-58ff-bdff-b976e89c807b,1715,1720,0.872
3d8d1e3a-7f5e-5de8-9310-06e082dfbd69,1718,782,0.872
1d7d3826-6f36-50c0-8a0c-1b209fa377ba,1735,1128,0.873
9078423d-d9f9-5bdf-ac2c-c7ebbc71d61f,1739,649,0.873
ab1cc4b4-bda2-5b19-9743-ea7d57ff8dda,1739,637,0.874
effedb77-f23d-5970-be51-6ec850ede6e3,1745,732,0.874
346216ae-b558-5217-bd2d-c9513ef4cc0e,1753,618,0.875
f4a1f8a7-e2bc-5934-ade2-6a9d4f298b3a,1765,1346,0.875
c275b59f-e3b0-55e6-a80c-003cd71c8b74,1769,829,0.876
29e2c8d7-8aa0-53f4-8408-1ab8d5b3ccf9,1784,845,0.876
942d7fd9-09b1-5110-a769-41cf5987b707,1792,974,0.877
8e1c0b7d-750f-5fe8-b7a7-27c0eb0f4ba1,1796,950,0.877
5316a42e-f2e4-5c14-b212-f4af364f258c,1800,577,0.878
a4a30dcb-606f-59ac-9d02-f8452067da84,1821,708,0.878
a743706a-eaf2-5000-834e-60cde91b4868,1826,1272,0.879
bcaf2a7a-5cde-5145-a149-f7bc5a337691,1840,655,0.879
4dae8717-2c2c-5c00-9460-3324e8e0c53d,1844,428,0.88
1c821a60-018c-55d9-9e1d-5b4cbf78274e,1864,791,0.88
89adf9ca-fcdc-507e-a6e5-bbaf10c9e0fc,1867,894,0.88
c64c205b-25b9-55ab-a49a-03c8b017f941,1867,606,0.881
7b9a677a-0f36-53e3-8718-c1a8a172a35c,1869,660,0.881
712e62f1-7a99-574f-b5c0-87acca9af794,1872,528,0.882
1f1a3be5-49a3-5942-8080-873fbdfb97d1,1878,600,0.882
50c656df-06f0-5db6-b2cf-d4c16da5c7f0,1883,870,0.883
940b0a93-284c-5cce-a90a-7fa0cf2da92d,1883,619,0.883
223819b8-8691-5f09-ba4b-9c715497b3f2,1884,1179,0.884
899dcbaf-036b-53c2-b871-a8f8085fb3c8,1884,794,0.884
9fadd515-3926-5bed-965c-499c1c6259eb,1893,938,0.885
019f7ebb-e5a4-5934-82b7-483788282821,1898,589,0.885
13e22c4c-0ca1-585f-9117-2177fad45273,1904,741,0.886
097e5e68-b38f-5388-86b7-fdd0c9c71632,1906,1528,0.886
88136246-ebdf-5f0d-afe2-87308f9ecae1,1908,793,0.887
39a92270-9275-5d67-b77c-6e4ea2fd0247,1918,1635,0.887
294ae06f-372e-5f42-9584-6c1c33dfa21d,1927,646,0.888
faae2e96-301e-5141-825a-332d775be0bb,1932,658,0.888
07f05d37-32a3-5127-885e-0985a484f907,1951,1461,0.889
d5ebdb09-c83e-5c23-a56c-d8603ce018f8,1973,705,0.889
02dcdebc-313d-5392-90d8-97edd5e2f9ec,1975,578,0.89
3149db90-19a4-514f-b3a6-685a3a8fa2d6,1986,1629,0.89
8a190b7c-3461-587b-8819-e86da3c2aac8,1988,845,0.891
4f3855b1-ecec-5508-a14e-b6f6bfc3692b,1993,775,0.891
9dfc0a1c-a060-5cfa-93b8-a2bfc0398458,1997,466,0.892
8b837784-ce8c-5797-9ea4-5da46ed542d5,2027,938,0.892
e57b2fb6-a841-5951-a18e-35450f49c906,2036,332,0.893
86273282-906b-5fb8-bed5-1dec30ef4a48,2045,1949,0.893
38e5658b-cf36-597e-a804-d20adb233e76,2066,553,0.894
73e35340-87ad-591c-b2d2-50aa281c0eb0,2081,1629,0.894
60a4b706-edf7-5eea-8c3d-d7840800648d,2104,801,0.895
2e7373fb-b47c-578d-a86e-685f7adf14d3,2104,1312,0.895
49b40a1f-a6e5-513e-816e-e0fbf48b7d0b,2122,768,0.896
390f0d63-36c5-5895-8a33-441e51c0489f,2130,1291,0.896
921b9844-ead3-5605-b656-c8793fe5833b,2132,918,0.897
de7499da-89c1-5edb-b96e-4c19a094e0d6,2156,1065,0.897
e3b9271a-355f-5e7c-acb2-0809982c7f6e,2170,737,0.898
8217f246-6497-5f47-90bc-2702f6296641,2194,658,0.898
5fdbe67a-ff94-5bad-beea-25efe5d3bfc5,2194,609,0.899
1f526b19-2ab9-5b3e-9861-85eed48f0b6c,2224,623,0.899
c1f40b72-c611-5178-8657-7dcd2fc5a892,2228,1155,0.9
61537ebb-f36c-5afc-a712-74419a65f152,2232,973,0.9
a4d6423a-ab2d-5e73-a326-f9d491f8f9d3,2240,1799,0.9
2379d5c1-423b-585b-b289-6553f9c7318a,2240,1799,0.901
0e028538-3fad-58fe-bc4c-5da299a39408,2253,1036,0.901
bcaf9faf-a7bd-5080-99b1-be43399d3d6e,2269,1425,0.902
e5f3e1ca-bf04-5af6-a277-28c047232d9b,2286,685,0.902
d014fa96-2ff7-5556-ae80-d86b7cb883f6,2292,807,0.903
9715dee5-f9a6-54ce-a776-e02ca7b03131,2313,783,0.903
3033dd7c-ecc7-5f30-9bd3-110d65346dcd,2327,2112,0.904
816b36fc-6776-55ce-a482-f651a7429e47,2377,832,0.904
dc960b8a-b4da-5ec5-b845-77b5408ecc12,2395,1614,0.905
de25f2f8-49c7-5f20-96b2-4c887213cfd8,2413,2070,0.905
99bf2a42-ed87-52e8-aff4-cd494fe22339,2423,1580,0.906
9f58fb6c-f282-5c16-8bee-0ff6c51b62fd,2440,1190,0.906
2e667eaf-d995-5533-b149-67ecf6806544,2441,2317,0.907
77334700-5642-597e-a213-3d2f06e7a22e,2443,557,0.907
1244ba59-4bc4-5eb9-8ea3-0f189091606a,2447,1723,0.908
cb2369ce-cf12-518d-9899-9e7a50e379af,2456,15204,0.908
08ffaa5b-2306-5eac-9b52-71845a3ebdcc,2469,1199,0.909
dcf5995e-47f7-53c7-8b75-4ea035e740bd,2510,1029,0.909
7fb29274-3028-5863-8fe6-cc3fb0295ff2,2515,642,0.91
5ec6559f-4408-5ad9-9fa7-81e34e272359,2516,1523,0.91
e2652678-4be9-5da9-9937-8a74b986ea51,2518,1275,0.911
288f97d9-084f-5c74-9230-25d65128f48c,2535,1218,0.911
1a850dd6-d18e-5dfe-bb95-9a7373d61507,2541,2758,0.912
0822f237-d86a-50ba-ace2-c2ae197c7781,2542,1890,0.912
15fc3c45-925f-546e-acc7-7e2553ecc8f0,2550,768,0.913
08be7071-b156-543c-8545-2a2c9ab8d474,2574,1111,0.913
60b6c9ec-b99e-5e85-9ffe-c883d967b234,2575,2728,0.914
8a923a47-b066-500c-98d4-d1f778d68077,2602,1048,0.914
05325ac4-08b3-5094-80e3-233ecb0b7f45,2603,1615,0.915
4c1178a7-53e7-5d2e-bfc6-728bdd0c5da4,2610,1323,0.915
8a551375-3501-5208-9ccc-33c7983b36cb,2624,724,0.916
d321157c-13df-5f88-a6d5-9e0cae391c31,2635,534,0.916
401cca34-2226-5393-88b7-3c4c2db5d45e,2647,1038,0.917
5efa4144-6054-57e6-ada9-33182958aa10,2669,1957,0.917
4732c746-8194-5c80-905a-8e5b378847cc,2702,677,0.918
afbdbdc0-342c-547e-ab1e-b96398adb09c,2705,1397,0.918
dcdf1cb4-4c74-55a9-b7bd-1909694f3a78,2713,1567,0.919
5e8a9110-a6e1-5439-8edc-6c85fedd6e01,2748,1369,0.919
3098ea65-f4fa-5c74-a40e-8f9a28453d31,2796,731,0.92
93e4c692-2faf-5d2a-b7fd-3239a6be38c6,2802,1351,0.92
e08c294e-0d00-50e3-bc4b-65352ac8e716,2803,2252,0.92
77155911-0166-51b7-b011-326574663dfd,2810,1264,0.921
6e7912a2-1b95-544d-8dfd-3a60f2deb286,2813,888,0.921
2e01d471-4300-5941-83ea-03a7b858b68b,2845,1680,0.922
81f2b419-70a9-52fe-bafc-3589c66a94ed,2851,1128,0.922
efc85e82-3b71-5384-b1e5-37a7780dc56b,2852,871,0.923
183f7477-d59b-548b-a219-7d40ea5de3c3,2855,1825,0.923
ea156346-0e99-5f8a-a38e-57cc7bb0ed73,2877,911,0.924
dab18945-29e9-5c0f-a354-eb50a431770e,2918,766,0.924
9ab330b5-4c3a-5896-9e1d-7726edc856fa,2938,1440,0.925
5205d54a-0dab-5f81-b9bd-6692dc738eaa,2963,1326,0.925
ffb8a223-83e9-5e43-b9e4-d2d9aff0116c,3010,2662,0.926
5935462a-a157-54ea-9954-c5b841ca45e7,3012,760,0.926
52f70eab-97dc-5c68-a39d-58014fc78ded,3014,986,0.927
38ed3bd3-f192-55b6-a209-7b409b551c76,3017,1760,0.927
7966c263-42f8-52f0-bb6e-aaf83835704f,3038,1317,0.928
5e4c73b1-a75f-502f-83d6-e997f3dfb746,3067,1481,0.928
e035a9f1-109d-57bb-a26b-746626d96cf0,3069,1002,0.929
0c39475c-298a-5798-921c-176199f26c60,3158,904,0.929
f8e64e71-32da-5674-8f13-aa17047b8172,3163,1568,0.93
a06834c3-fa3c-5763-9d26-46dd21cf497b,3189,1560,0.93
eaa5896d-6d41-5f76-8103-f27432f63a76,3200,4410,0.931
dc41dbf8-c3a4-5237-8362-c5113fce7520,3205,1352,0.931
dca7f5d7-39eb-5961-8720-4196bdeb418f,3220,3265,0.932
e3fe5a09-908a-5d9e-b6b3-0747e798ff14,3225,1218,0.932
46fe3695-3777-52bf-a609-002d54236ec8,3245,1466,0.933
a6237d09-b5ec-57b0-8cf1-c72b092c9060,3274,1106,0.933
a78b2e6c-7aea-583a-a9d8-b5e82109eb78,3324,1218,0.934
7abef5b8-29d5-5b81-bf1a-7a3b9781a987,3335,1375,0.934
1dbde1f6-1137-5c38-a188-680954393fd5,3349,1528,0.935
9f0e2d35-46a8-56bf-b702-873ae49f24a4,3365,1209,0.935
c3c7d29f-5d04-5de4-8ec9-218a70abdd5c,3372,2191,0.936
9ddf80f5-2c6a-50e2-9455-30c40fcb698d,3409,2467,0.936
916d7ccf-9f4d-5dfa-a91e-ffc59a40fd06,3410,3832,0.937
dbfabf1d-8205-554e-8d72-817db34c0426,3454,1558,0.937
37e5f066-4a49-5927-b7fa-46af1a5d2f7d,3469,1490,0.938
4dae545e-c0b5-51a0-8348-56e9f7e32d12,3487,1227,0.938
796ccca9-cf0b-5822-8c6a-eaadf9b01c38,3493,1002,0.939
3133b275-4562-5267-b956-2f33033cd987,3535,1327,0.939
ca26b004-f64b-5a0e-8d40-013592a33ff9,3547,1342,0.94
6238a6a2-dea9-5ec5-ab9d-0fa04e2631f8,3578,1102,0.94
535e3ed5-5f6b-5dd5-ac8d-80dd65de520b,3590,1693,0.94
e9a27dfe-989d-5fa7-bcdd-c4c4678b1246,3609,705,0.941
09c55000-9c9e-51a3-a88d-e5975fe7c881,3628,1284,0.941
b56195f4-d929-5558-be80-8f4924c39aaa,3630,3232,0.942
56ad039c-bd5a-5258-ac52-082564536ee2,3645,1452,0.942
dc780188-c970-56fe-a21c-e9eb3f404ee3,3684,1576,0.943
cd268ccc-a3d3-5349-8c19-ca1d81d20723,3792,1762,0.943
d8c37340-7c7a-5fca-ad48-8488bbaba04a,3799,1799,0.944
22b6db76-c608-5cf7-93bb-8b76fd64d941,3805,1304,0.944
b1190ea1-4cf4-5e8f-987d-4140b9b8616a,3828,1635,0.945
5154cac7-e57e-5311-b6eb-f34ec1c26758,3859,1930,0.945
65c2a880-6b41-503d-9ea5-ea0f556d351d,3930,1157,0.946
f3fa6890-6e5f-594b-b3c5-32e3e91e13d7,3932,1602,0.946
fca74d07-fcfc-5b7f-89db-cda5e004ad38,3958,3581,0.947
0582fff4-3df9-5800-933d-39cac4b3104e,3964,1260,0.947
7841ddeb-cc3c-5190-9be0-ab3822f9d3fe,3987,1636,0.948
f31c62c7-ff75-5acd-b6c5-91025f1627ae,4057,2234,0.948
f2683b1c-53b0-5618-a4b6-e4e8c78998ff,4106,1181,0.949
2e16b733-7fc7-5591-a941-24205425b22a,4107,1202,0.949
3c348496-5035-5636-a72c-d934617e621a,4123,997,0.95
3f671a00-d0a2-5732-912f-2effd9e69b3b,4187,1489,0.95
9e1a6592-1928-57df-addb-62a34ef3d929,4228,1161,0.951
dd0dc36d-072d-5f9d-9f5f-7891cc4bf90b,4240,1304,0.951
1446bd83-2a24-5985-beba-6e097a8dbc72,4270,1455,0.952
839b55ee-2756-5ea3-9d2c-8cd30a97bd62,4308,1569,0.952
bb0be3f0-22ed-5a5c-b2f0-aaf8246b6178,4329,2118,0.953
83e31dc9-791a-5eb6-a69d-d52b90e18609,4418,5373,0.953
32e31f7a-16a4-5f31-b73a-7d8ddc1d0b7c,4480,1187,0.954
bc276352-97b8-5bae-b3c6-a7b5089131c0,4574,876,0.954
c6b2ca55-c302-53ca-a118-71e93f3d5508,4587,2020,0.955
96bafc5a-355c-5183-a4ef-7eb0f99464a0,4593,2041,0.955
a63772c8-a8f1-58d5-9594-6c87829f440b,4600,1773,0.956
2cb0ea4c-1486-585b-a4a2-b96889ea4489,4695,2583,0.956
7e031338-f205-5461-800b-4b1d8976918c,4764,2406,0.957
7f8551fe-b06b-5a9e-a99b-9751ee32873d,4814,2188,0.957
a9869326-6521-5f15-b6bf-a9921f68787d,4824,2204,0.958
a7b81cdb-6391-5432-ac50-99bfaaf689d7,4825,2582,0.958
e65d05d3-a889-54a6-9a26-a3505c6a3698,4832,2503,0.959
ab72fde7-84a4-5afd-8b72-4e6f9ce7d077,4895,3036,0.959
8f2df5fa-af57-50a1-8aed-61ee2bf99a0f,4897,2026,0.96
0cef66f8-8d1b-5871-aa20-48327255ee3d,4913,1626,0.96
03a3a7f5-68b8-5859-b35e-927b26365840,4940,2466,0.96
64d81500-b8d2-5e3e-abd5-b1734f811f66,4965,1819,0.961
c02d43c3-b1ef-576c-916c-d01015953828,4967,1902,0.961
e8b6c916-3aa5-5b65-a4a8-4d25270b341f,4968,2956,0.962
16cf3eb2-5751-5c39-ace9-516389b38ef9,5012,3723,0.962
e9956a29-4064-5227-85e4-1cfabebe0fab,5048,2622,0.963
fa8c3d85-ce54-586a-a991-217e71058d75,5177,1985,0.963
a66d4bde-ae2a-5cc1-830a-7c3544831d02,5281,1885,0.964
26785508-b1a8-515d-a5fa-f6da753d6f47,5340,5029,0.964
bb9189a4-3fef-54be-be89-895eb45bb283,5536,1427,0.965
9cac32bb-81e2-5351-8887-840712dd0d69,5667,3669,0.965
7c22568a-b136-589f-9e1a-82b3ecd2dc86,5761,4416,0.966
822cd5e0-126b-5f02-b7c3-69a57e67ea4a,5830,1893,0.966
e341bf90-3302-50af-b3ef-b823a0d4eec1,5842,4213,0.967
98589c28-f12c-548a-9a81-d80e831f5c04,5848,2513,0.967
c81e293e-0d60-5b8f-a5b1-09d81c9f4833,5944,2577,0.968
fc7a5460-8e8a-56cb-a928-530e63d1def7,6157,1318,0.968
33d61b51-e0bd-5943-9891-c6eea41ebbb3,6178,3608,0.969
8b6f021e-3b1c-5c5f-87d8-9d8685a09b70,6356,3683,0.969
39619fa8-7554-588a-b916-d34a1f6718de,6397,2528,0.97
d50642f0-68c9-53eb-9cd7-06090b8ab8b0,6435,1902,0.97
1e18ebf3-85ee-597f-aaf9-38958586b4bb,6544,2586,0.971
3fdb76c4-31f2-5326-87af-548348303cd7,6585,2477,0.971
b9524867-e4d3-51df-9674-befe13b95170,6638,1403,0.972
1e8f6202-fdb2-5b9c-abb4-f70360458dac,6654,2881,0.972
73b9247a-5da2-5cd9-b1ea-07648036b059,6967,1552,0.973
53442b25-140b-5ae5-8351-27e236fef6db,7030,4206,0.973
2ad784c5-814b-5638-bbab-d23ce5ee08b3,7048,4219,0.974
0726ccbc-c3be-5daf-bc8b-42faf292b976,7134,3343,0.974
f56ae085-308b-5930-949c-9fa2644b4f06,7162,1600,0.975
c13b3c39-107a-56d5-89fb-d6d1814ae0f6,7285,2312,0.975
5a15058b-4c9f-5dab-8315-fa562afe3111,7547,5373,0.976
94585d18-5206-5065-98b6-2cb55a190697,7563,2411,0.976
1eed52c3-31e7-5e71-84d5-228b9621cacd,7691,3023,0.977
2754de6e-d053-5f85-8e5c-d5a02bc1640a,7746,1939,0.977
7b659683-62c4-5fe9-aa40-ac4aa2808212,7951,3258,0.978
eac6069f-3c06-5a12-b793-acf67f884cb5,8178,3423,0.978
61aab822-c734-56a3-87c1-f4db8034ca3f,8204,3438,0.979
a1968f38-0822-5b9d-b6c7-11306d973b5c,8751,3736,0.979
1a9f5195-01af-589d-be3c-95325fc9fea3,8861,1535,0.98
45a5417e-5c3e-5c1b-8cf7-e4394122848d,8885,2713,0.98
2d7dca44-5845-5678-b9bc-aebb8313b13c,8886,2688,0.98
f15cf5c7-6598-52d5-9758-91fa20e0e334,9100,3473,0.981
e60d3ee5-624c-512d-98c1-3a8fee6b6c6c,9126,2970,0.981
312c967e-4bdf-56f0-b421-6d5cc6bdb36b,9604,2745,0.982
24804e61-f5fc-5ab9-a89c-75811753f9c5,9983,2827,0.982
163cfbaf-6f00-52f8-a77c-b6ac00899687,10568,3561,0.983
ced7b89a-45f2-5930-866a-1cdcfbd4aba3,11150,5238,0.983
039579b5-3a5d-54da-976e-2821086ef30f,11271,5797,0.984
a35b108f-6b57-5955-818a-a94fc73c7c5e,11784,3970,0.984
6ae7bd2b-73bb-5168-a90f-ead83724c18f,11906,3981,0.985
2ef56134-1c13-5413-b967-ece7dea37c6f,11910,3981,0.985
38e9b268-00aa-5ffb-a7a8-03629023ca95,12003,2712,0.986
3470522f-971e-5bce-a7ac-7824ab34f270,12317,4832,0.986
5c641efd-6b51-5fe6-919b-2c6b5063e916,12380,3515,0.987
83fda522-96ae-54f9-ac01-f78315f85645,13081,8020,0.987
2ef8018e-4d96-5ed7-af80-bb4f5caacbc2,13172,5073,0.988
60d9dbb1-8a27-5621-a930-7b29355ec0ac,13351,3930,0.988
4f9dce1f-290b-5b56-86d2-4f6d8a9f934d,14098,5555,0.989
2a76884a-9676-598e-bb02-efd079b3e439,14460,6285,0.989
014f4a62-0cfd-5a1a-86bd-cc3b5ab20982,14702,3439,0.99
da0859ab-9a0b-5afd-ad70-1e6c3a7b14b3,15930,7322,0.99
1a10ce7b-28fb-5028-9fbf-f098c3f2b3e5,16101,9609,0.991
65efc160-9dae-5425-a1b2-cd9e22cf0c40,16292,10504,0.991
0682ff1a-d240-5ce9-9af3-3a3d68a95d5a,16415,8428,0.992
c50b9665-831d-5d37-a51e-78ee7a1be0a0,17646,8388,0.992
68757f74-ac10-5757-9b37-592c356b9c1e,18551,5640,0.993
68d3e5e8-d277-56b2-acef-0df0561186d5,19948,6841,0.993
3100c4d1-4f13-5fe6-b659-48a68b2cabd2,20586,6373,0.994
1a041dc5-e9b2-5d2c-b9b0-6a21b4ce6d3b,21156,7815,0.994
83c0a4d9-842e-5855-b8d3-df6fadfa571e,22412,6217,0.995
c267b7f2-1e3b-558a-bdb5-9ae1e2729af0,23489,5530,0.995
f898632f-170c-5d18-9b33-30e2991e80b3,23868,9470,0.996
33b4a87e-915c-528e-845e-a6bf2ff7b9d3,25345,12043,0.996
6ff15ff4-5bd4-5889-ac5c-a007484cfcf0,25954,11591,0.997
678a2399-6925-5223-b7ef-1c555acd72c6,30620,10133,0.997
ecce0e04-47ac-5451-9cfc-6153b7e3b1de,31869,10870,0.998
9f1a3aa7-5809-58b4-bdd8-1f494fcf2c36,32053,11949,0.998
bff7211d-b360-52a0-8553-57183f1cccf5,36148,7353,0.999
f5da8ac8-9cef-5e9d-a7aa-a45d9e247d47,44995,17187,0.999
612f257f-a156-5298-b48a-dac4063b3635,56294,31655,1.0
30e2f286-4521-5190-bf8d-8b5800426bc7,178977,163983,1.0
